activity_id,org_id,name,duration,group_size,interaction_type,activity_format,participation_type,difficulty_level,movement_required
1,1,Dance Session Workshop,-64.0,1,Indiv,Digital,VOL,MEDIUM,0
2,1,Robotics Lab Workshop,10.0,1,Individual,Physical,VOLUNTARY,Low,1
3,1,Drama Workshop Club,52.0,14,Group,Physical,Assigned,Hard,1
4,1,Chess Tactics Workshop,48.0,2,  2-person  ,Hybrid,Voluntary,  level 1  ,1
5,1,Drama Workshop Track,56.0,2,Pair,Hybrid,  Opt-in  ,level 1,0
6,1,Drama Workshop Workshop,10.0,2,Pair,HYBRID,VOL,Easy,1
7,1,Dance Session Track,36.0,6, Grp ,Digital,opt in,Easy,0
8,1,Creative Writing Program,61.0,1,Individual,Digital,Voluntary,Hard,1
9,1,Drama Workshop Track,20.0,2,Pairs,Hybrid,Voluntary,level 1,0
10,1,Coding Basics Session,70.0,8,group work, Digital ,VOL, Moderate ,0
11,1,Creative Writing Session,57.0,,Grp,Hybrid,Voluntary,Medium,0
12,1,Gardening Session,12.0,12, Grp ,Digital,Assigned,Low,0
13,1,Nature Walk Program,28.0,1,INDIVIDUAL, Physical ,voluntary,easy,1
14,1,Mindfulness Session,-34.0,1,individual ,Digital,Assigned,Easy,0
15,1,Math Games Track,59.0,1,Individual,Digital,Voluntary,level 3,
16,2,Board Games Club,35.0,9,Group,Physical,Mandatory,level 2,1
17,2,Dance Session Workshop,30.0,1,Indiv,Physical,voluntary,Moderate,1
18,2,Chess Tactics Module,38.0,7,group,Online,VOL,level 2,1
19,2,Reading Club Lab,51.0,9,GROUP,Offline,Voluntary,Med,1
20,2,Debate Club Session,59.0,12,Group,Offline,voluntary,High,1
21,2,Reading Club Club,60.0,1, individual ,Blended,  Assigned  ,Hard,0
22,2,Puzzle Challenge Workshop,41.0,1,individual ,  Hybrid  ,Voluntary,Medium,0
23,2,Team Sports Track,41.0,1,Individual,Hybrid, Assigned , Medium ,0
24,2,Nature Walk Session,<1,10,Group,Digital,Voluntary,MEDIUM,0
25,2,Team Sports Session,53.0,2,pair,Online,Opt-in,  Hard  ,0
26,2,Cooking Basics Workshop,28.0,1,individual,Hybrid, Assigned ,Easy,0
27,2,Puzzle Challenge Club,44.0,15,Grp,Hybrid,Voluntary,level 1,0
28,2,Storytelling Lab,45.0,14,GRP,HYBRID,VOLUNTARY,E,0
29,2,Robotics Lab Track,36.0,2,Pair, Physical ,VOL,Easy,1
30,2,Cooking Basics Lab,40.0,2,PR,Physical, Opt-in , Hard ,1
31,2,Debate Club Workshop,38.0,2,PR,PHY,Voluntary,  MEDIUM  ,1
32,2,Coding Basics Workshop,55.0,2,PR,Physical,Voluntary,Easy,1
33,2,Mindfulness Lab,53.0,1,Individual,PHY,opt in,level 3,1
34,2,Animation Studio Program,48.0,2,Pair,  Digital  ,opt in,Easy,1
35,2,Creative Writing Workshop,21.0,5,  Group  ,PHY,ASG,Unknown,1
36,2,Debate Club Track,28.0,10,Group,mixed,Voluntary, Medium ,0
37,2,Origami Workshop,30.0,2, Pair ,Physical,VOL,Easy,1
38,2,Science Experiment Workshop,31.0,1,Individual,Online, Assigned ,Easy,0
39,2,Board Games Module,26.0,1,Individual,  Online  ,ASSIGNED,Easy,
40,2,Drama Workshop Workshop,n/a,1,  Individual  , Digital ,Voluntary,Medium,0
41,2,Origami Workshop,<1,1,Individual,online,Voluntary,Low,
42,2,Chess Tactics Track,36.0,1,Individual,  hybrid  ,voluntary,level 2,0
43,2,Puzzle Challenge Session,,1,Individual, Physical ,Opt-in,?,0
44,2,Coding Basics Session,37.0,1,  individual   ,Physical,Voluntary,Medium,1
45,3,Lego Build Session,46.0,8,Group,Physical,Voluntary, easy ,1
46,3,Animation Studio Session,32.0,1, Individual ,physical,unknown,EASY,1
47,3,Storytelling Workshop,40.0,,  Pair  ,HYBRID,Assigned,Medium,0
48,3,Science Experiment Track,55.0,7,Group,DIG,Voluntary,MEDIUM,0
49,3,Memory Training Club,54.0,2,pair,Hybrid,Opt-in,Easy,0
50,3,Debate Club Module,19.0,1,IND,Hybrid,opt in,Low,1
51,3,Drawing Studio Club,36.0,1,Individual,HYB,Opt-in,easy,1
52,3,Storytelling Module,65.0,16,Group,Physical,Voluntary,MEDIUM,1
53,3,Drawing Studio Lab,59.0,1,INDIVIDUAL,Hybrid,Voluntary,Easy,0
54,3,Board Games Workshop,54.0,6,GROUP,PHY,Voluntary,Easy,0
55,3,Debate Club Lab,66.0,7,group work,Physical,VOLUNTARY,Medium,1
56,3,Math Games Club,61.0,2,Pair,mixed,ASSIGNED,Medium,1
57,3,Music Circle Module,24.0,,Individual,PHY,Opt-in,Medium,1
58,3,Creative Writing Module,24.0,1,Individual, Digital ,Opt-in,level 1,0
59,3,Puzzle Challenge Session,64.0,14,group,Physical,mandatory,level 2,1
60,3,Coding Basics Program,55.0,,Individual,Digital,VOLUNTARY,Difficult,
61,3,Drama Workshop Session,34.0,,Individual,HYB, voluntary ,Medium,1
62,3,Reading Club Module,38.0,9, Group ,PHY,Voluntary,Low,1
63,3,Board Games Module,80.0,10,Group,physical,Voluntary,Unknown,
64,3,Photography Club,39.0,1,IND,?,Mandatory,  Hard  ,
65,3,Coding Basics Module,52.0,4,Group,DIG,VOL,Easy,1
66,3,,43.0,1,individual ,Hybrid,VOLUNTARY,Easy,1
67,3,Board Games Track,38.0,4,Group,HYBRID,Opt-in,Med,0
68,744,Gardening Club,72.0,4,GRP, Hybrid ,Voluntary,Difficult,0
69,3,Board Games Program,-33.0,2,Pair,,Voluntary,  level 1  ,1
70,3,Debate Club Session,56.0,2,PR,HYBRID,Voluntary,  Medium  ,1
71,3,Math Games Track,36.0,2,Pair,online, Opt-in ,Moderate,0
72,3,Team Sports Session,24.0,8,,Physical,Assigned, Easy ,1
73,3,Music Circle Module,31.0,11,Group,Hybrid,Voluntary,Low,1
74,3,Origami Club,40.0,,Group,mixed,VOLUNTARY,Easy,1
75,3,Animation Studio Program,39.0,12,GROUP,  PHYSICAL  ,Voluntary,Medium,1
76,3,Robotics Lab Workshop,47.0,6,GRP,Digital,Opt-in,  Easy  ,0
77,3,Lego Build Session,58.0,15,Group, Digital ,ASSIGNED, Easy ,0
78,3,Music Circle Track,27.0,2,Pair,Physical,ASSIGNED, Easy ,1
80,3,Storytelling Lab,41.0,12,Group,Hybrid,Voluntary, Medium ,1
81,3,Cooking Basics Module,48.0,8,group work,PHYSICAL,VOL,Easy,
82,3,Board Games Club,41.0,13,GRP,Blended, voluntary ,level 1,
83,3,Creative Writing Session,35.0,9,Group,Hybrid,Voluntary,E,0
85,3,Memory Training Club,39.0,,Individual,DIGITAL,Voluntary,Easy,0
86,3,Origami Workshop,43.0,8,Group,hybrid, voluntary ,level 1,1
87,3,Drawing Studio Track,59.0,1,Individual,HYBRID,Voluntary,Hard,1
88,3,Cooking Basics Club,52.0,6, Grp ,Physical,voluntary,Easy,1
89,3,Cooking Basics Lab,22.0,7,GRP, PHY , Voluntary ,easy,1
90,3,Board Games Program,-39.0,1,Indiv,mixed,VOL,Easy,1
91,3,Robotics Lab Session,49.0,13,Group,Digital,Voluntary,Easy,0
92,3,Coding Basics Program,60.0,2,pair,NA,Voluntary,  Moderate  ,0
93,3,Puzzle Challenge Track,77.0,5,Group,HYB,Voluntary, Med ,0
94,3,Cooking Basics Program,30.0,1,Individual,Physical, Voluntary ,Easy,
95,3,Nature Walk Session,72.0,, group ,PHY,Assigned,Medium,
96,3,Drawing Studio Track,40.0,2,Pair,Physical,Assigned,Easy,1
97,3,Math Games Workshop,29.0,5,Group,In-person,  Assigned  ,level 1,1
98,310,Music Circle Lab,63.0,,group work,Blended,unknown,Medium,1
99,4,Nature Walk Track,50.0,10,Group,  Hybrid  ,VOL,Medium,1
100,4,Animation Studio Module,45.0,1,IND,Physical,Opt-in,  MEDIUM  ,1
101,4,Storytelling Track,28.0,1,Individual, Hybrid ,Voluntary,Easy,1
102,4,Nature Walk Club,16.0,9,group work,Physical,Voluntary,  Easy  ,1
103,4,Origami Club,37.0,1,INDIVIDUAL,Online,Voluntary,level 3,0
104,4,Origami Track,27.0,10,Group,Physical,VOL,E,1
105,4,Coding Basics Workshop,43.0,14,Group,Digital,Voluntary,easy,0
106,4,Animation Studio Track,49.0,10,Group,Online,Voluntary,medium,0
107,4,Debate Club Session,51.0,2,Pairs,PHYSICAL,Voluntary,Easy,1
108,4,Debate Club Club,56.0,13,GROUP,Blended,ASG,  level 3  ,1
109,4,,38.0,2,  2-person  ,NA,VOLUNTARY,Hard,1
110,5,Coding Basics Module,59.0,8,group work,Physical,Voluntary,HARD,1
111,5,Chess Tactics Workshop,31.0,1,IND,physical,ASSIGNED,Low,1
112,5,Photography Session,62.0,,Individual,Digital,VOL,High,0
113,5,Board Games Workshop,25.0,1, INDIVIDUAL ,Physical,Assigned,level 1,1
114,5,Lego Build Module,33.0,1,Individual,Blended, Voluntary ,level 2,0
115,5,Lego Build Lab,,1,individual ,Offline,voluntary,Easy,1
116,5,Math Games Workshop,52.0,12, Group ,Digital,opt in,Easy,1
117,5,Animation Studio Club,51.0,1,  Individual  ,  Physical  ,Assigned,level 3,1
118,5,Animation Studio Track,34.0,4,group work, Digital ,Opt-in,EASY,0
119,6,Drama Workshop Lab,66.0,7,Group,HYBRID,Opt-in,HARD,0
120,6,Gardening Workshop,58.0,6,GRP,Offline, Voluntary ,Easy,1
121,6,Drawing Studio Workshop,27.0,2,Pair,Digital,Voluntary,easy,1
122,6,Chess Tactics Program,30.0,2,Pair,In-person,  VOL  ,E,1
123,6,Coding Basics Track,34.0,10,Group,DIGITAL,Voluntary,Medium,0
124,6,Memory Training Module,37.0,1,IND,Physical,  Assigned  ,medium,1
125,6,Animation Studio Track,40.0,7,Group,Offline,Voluntary,Medium,1
126,6,Photography Track,,2, Pairs ,Physical,Assigned, Medium ,1
127,6,Nature Walk Session,60.0,1,Individual,Digital,Voluntary,Easy,0
128,6,Photography Program,19.0,7,group work,physical,Voluntary,Low,1
129,6,Science Experiment Club,44.0,1,Individual,Digital,Mandatory,Hard,0
130,6,Gardening Session,43.0,2,Pair,Hybrid,Voluntary, hard ,0
131,6,Robotics Lab Club,38.0,10,GRP,Physical,Voluntary,MEDIUM,1
132,6,Nature Walk Session,56.0,1,Individual, PHYSICAL ,voluntary,level 3,0
134,6,Creative Writing Workshop,42.0,8,group,hybrid,opt in,?,1
135,6,Reading Club Lab,60.0,2,Pair,Hybrid,VOLUNTARY,Med,0
136,922,Science Experiment Workshop,-14.0,,group,Physical,Opt-in,EASY,1
137,6,Lego Build Session,47.0,5,Group,Physical,?,Easy,1
138,6,Origami Lab,37.0,2,PR,Blended,  Opt-in  ,level 3,0
139,6,Gardening Module,17.0,7, Group ,  Online  ,voluntary,Easy,1
140,6,Creative Writing Session,37.0,1,IND,Physical,Voluntary,Easy,1
141,6,Photography Module,33.0,1,INDIVIDUAL,Digital,  Voluntary  ,easy,0
142,6,Coding Basics Lab,63.0,,individual,Digital,VOL, level 2 ,0
143,6,Drama Workshop Club,59.0,2,2-person,Physical,Voluntary,Hard,
145,7,Gardening Lab,37.0,1,Individual,Physical,Assigned,easy,1
146,7,Cooking Basics Session,56.0,2,Pair,Hybrid,Assigned,level 3,1
147,7,Nature Walk Track,47.0,10,group work,Physical,Voluntary,Med,0
148,7,Team Sports Session,36.0,2,Pair,Digital,Assigned,Hard,1
149,7,Drawing Studio Module,42.0,,Group,Physical,Opt-in,level 2,1
150,7,Dance Session Club,46.0,3,Group,Physical,VOLUNTARY,Medium,1
151,7,Storytelling Workshop,57.0,,  group work  , Offline ,Voluntary,Medium,1
152,7,Photography Lab,38.0,2,PR,Digital,Voluntary,Medium,
153,7,Cooking Basics Club,43.0,1,Individual,Hybrid,Assigned,level 2,1
154,7,Science Experiment Session,45.0,2,pair,Physical,opt in, Easy ,
155,7,Animation Studio Lab,32.0,1,Individual,Offline,VOLUNTARY,Easy,1
156,7,Creative Writing Module,39.0,6,GRP,DIG,Assigned,Easy,0
157,7,Drama Workshop Club,43.0,2, pair ,Digital,ASG,Easy,0
158,7,Dance Session Program,41.0,1,Individual,hybrid,ASG,level 2,1
159,8,Creative Writing Club,39.0,,Group,  Digital  ,Assigned,Easy,1
160,8,Board Games Lab,55.0,2,Pair,Hybrid,Voluntary,Easy,1
161,8,Drama Workshop Track,38.0,8,Grp,Physical,assigned,Easy,1
162,8,Coding Basics Workshop,-39.0,9,Group,Digital,ASG,E,0
163,8,Chess Tactics Session,45.0,11, Group ,In-person,VOL,HARD,1
164,8,Board Games Program,78.0,13,Group,Hybrid,opt in,N/A,1
165,8,Origami Module,60.0,12,Group,HYB,mandatory,hard,1
166,8,Photography Club,43.0,1,Individual, HYB ,ASSIGNED,Unknown,1
167,8,Lego Build Module,38.0,2, 2-person ,Hybrid,Opt-in,Medium,1
168,8,Team Sports Club,54.0,7,GROUP,HYB,Mandatory,level 2,0
169,8,Dance Session Track,<1,2,Pair,HYB, Assigned ,Low,1
170,8,Origami Workshop,37.0,5,Group,Physical,  Opt-in  ,easy,1
171,8,Mindfulness Track,56.0,,individual ,  Hybrid  ,Assigned,Med,0
172,8,Origami Program,44.0,13,Group,mixed,Assigned,level 2,0
173,8,Board Games Lab,23.0,11,group work,digital, VOLUNTARY ,easy,0
174,8,Math Games Workshop,33.0,1,Indiv,In-person,Opt-in,easy,1
175,8,Debate Club Module,-62.0,15,?,mixed,VOLUNTARY,MEDIUM,1
176,8,Nature Walk Program,64.0,10, Group ,Online,assigned,Easy,0
177,8,Debate Club Program,26.0,2,Pair,Digital,Opt-in,Easy,0
178,8,Team Sports Lab,39.0,1,Indiv,Physical,Opt-in,Medium,1
179,8,Drawing Studio Workshop,29.0,9,Group,  Digital  ,Assigned,  easy  ,1
180,8,Memory Training Session,28.0,2,Pair,  Digital  ,Voluntary,Medium,0
181,8,Origami Lab,36.0,9,Group,Physical, VOL ,Easy,1
182,8,Photography Lab,-37.0,12,Group,DIGITAL,Opt-in,  E  ,1
183,8,Creative Writing Club,21.0,1,individual,hybrid,Voluntary,unknown,0
185,8,Board Games Session,54.0,9,unknown,Blended,Voluntary,Easy,0
186,8,Chess Tactics Lab,60.0,1,Individual,Digital,  Opt-in  ,  Easy  ,0
187,8,Team Sports Workshop,,2,PAIR,Hybrid,Voluntary,Easy,1
188,8,Storytelling Workshop,41.0,,  Individual  ,PHYSICAL,Voluntary,Easy,1
189,8,Cooking Basics Program,66.0,10,Group,  Physical  ,Voluntary,Med,1
190,8,Team Sports Track,28.0,7,Group, Offline ,Voluntary,Easy,1
191,8,Robotics Lab Workshop,47.0,2,PAIR,Online,Mandatory,Easy,0
192,8,Dance Session Club,26.0,2,PAIR,Physical,Opt-in,Medium,1
193,8,Nature Walk Track,56.0,2,PAIR,Digital,assigned,MEDIUM,0
194,8,Cooking Basics Program,10.0,,NULL,In-person,ASG,medium,1
195,8,Mindfulness Club,67.0,2,Pair, Hybrid ,  Voluntary  ,Medium,
196,9,Coding Basics Club,--,1, Individual ,  DIG  ,  Voluntary  ,Easy,
197,9,Creative Writing Session,33.0,,NULL,Physical,Assigned,Medium,1
198,9,Gardening Module,48.0,1,individual ,DIGITAL,Assigned,level 2,1
199,9,Debate Club Program,20.0,2,Pair,Hybrid,Assigned,Medium,1
200,9,Creative Writing Workshop,44.0,12,Group, Physical ,Assigned,Medium,1
201,9,Lego Build Session,26.0,,Individual, Physical ,  VOL  ,Medium,1
202,9,Board Games Workshop,53.0,5,Group,PHY,n/a,Hard,1
203,261,Team Sports Program,30.0,9,Group,  Physical  ,ASSIGNED,Easy,1
204,9,Storytelling Module,33.0,1,Individual,HYB,ASG,Medium,
205,9,Dance Session Module,31.0,4,GRP,Digital,Opt-in,Easy,0
206,9,Coding Basics Program,67.0,16,Grp,In-person,voluntary,Medium,1
207,9,Origami Session,48.0,10,Group, Digital ,assigned,Medium,
208,9,Chess Tactics Track,46.0,8,Group,HYBRID, Voluntary ,Easy,1
210,9,Debate Club Lab,-37.0,10,  Group  ,physical,Voluntary,Medium,1
211,9,Debate Club Workshop,19.0,,Individual,Offline,Voluntary,  Low  ,
212,9,Nature Walk Workshop,36.0,2,Pair,Offline,Assigned,  MEDIUM  ,1
213,10,Chess Tactics Session,42.0,8,Group,Hybrid,Assigned,Medium,1
214,10,Math Games Track,,1,Individual,Hybrid,VOLUNTARY,HARD,0
215,10,Photography Session,,2,PAIR,Digital,Assigned,Med,0
216,10,Photography Module,67.0,2,Pair,Physical,assigned,  Hard  ,1
217,10,Photography Lab,37.0,1,individual,  Physical  , Mandatory ,Medium,1
218,10,Nature Walk Track,17.0,1,individual,Physical,opt in,Medium,1
219,10,Origami Track,41.0,8,  group  ,Physical,Voluntary,Medium,1
220,10,,51.0,7,GROUP,Hybrid,VOL,Medium,0
221,450,Chess Tactics Program,70.0,7,GROUP,online,Voluntary,Easy,0
222,10,Chess Tactics Program,28.0,11,group,Digital,assigned,easy,0
223,10,Nature Walk Program,64.0,1,  Individual  ,PHY, Voluntary ,  Hard  ,1
224,10,Origami Track,75.0,11,NA,Physical,unknown,Hard,1
225,11,Robotics Lab Workshop,33.0,6,Group,online,Voluntary,easy,0
226,11,Animation Studio Session,46.0,2,Pair,Blended,VOL, E ,1
227,11,Dance Session Session,42.0,2,Pair,Physical,Voluntary,level 1,1
228,11,Reading Club Lab,30.0,13,Group,  Blended  ,Voluntary,Easy,1
229,11,Debate Club Lab,42.0,1,individual,Hybrid,Voluntary,Easy,0
230,11,Drawing Studio Lab,59.0,1,Individual,Unknown,Opt-in,Medium,0
231,11,Gardening Session,27.0,2, Pair ,mixed,Opt-in,easy,1
232,11,Gardening Lab,-53.0,7,, PHY ,Assigned,Easy,1
233,11,Debate Club Session,50.0,6,Group,Hybrid,Voluntary, Medium ,0
234,11,Drawing Studio Club,41.0,8,GRP,Digital,Voluntary,Easy,0
235,11,Board Games Session,>60,2,Pair,null,  Opt-in  ,level 2,
236,11,Math Games Workshop,54.0,6,group,DIG,VOL,Easy,1
237,11,Drama Workshop Program,41.0,9,Grp,  Digital  ,Unknown,Easy,0
238,11,Chess Tactics Program,34.0,,Group,N/A,Voluntary,Hard,0
239,11,Cooking Basics Module,,9,Group,Digital,Voluntary,Low,0
240,11,Mindfulness Club,52.0,,  Pairs  ,  Physical  ,Voluntary,easy,0
241,11,Reading Club Program,53.0,12,Group,hybrid,Mandatory,level 1,0
242,11,Science Experiment Workshop,59.0,7,Grp,Physical, VOLUNTARY ,Medium,1
243,11,Puzzle Challenge Session,36.0,1, Individual ,hybrid,voluntary,E,1
244,11,Memory Training Track,53.0,,Pair,Digital,Voluntary,Easy,0
245,11,Photography Club,50.0,2,Pair,Digital,voluntary,Easy,0
246,553,Coding Basics Session,,12,group work,  Digital  ,Voluntary,medium,0
247,11,,61.0,13,GROUP,Physical,Assigned,MEDIUM,
248,11,Puzzle Challenge Workshop,50.0,1,Indiv, Hybrid ,voluntary,Difficult,1
249,11,Puzzle Challenge Module,,2,PR,Hybrid,VOLUNTARY,EASY,
250,11,Cooking Basics Program,74.0,9,Group,Physical,Voluntary,Easy,1
251,12,Dance Session Track,47.0,1,  Individual  ,PHYSICAL,Voluntary,Easy,1
252,12,Storytelling Program,61.0,9, Group ,HYBRID,Voluntary,MEDIUM,0
253,12,Origami Club,35.0,4, Group ,physical,VOLUNTARY,E,
254,437,Drama Workshop Module,61.0,9,NULL,hybrid,  Assigned  ,level 3,1
255,12,Robotics Lab Club,54.0,1,Indiv,Digital,ASSIGNED,Medium,0
256,12,Drama Workshop Session,29.0,16, GROUP ,Blended,Voluntary,level 1,1
257,12,Mindfulness Session,45.0,7,Group,Physical,Mandatory,Easy,1
258,12,Origami Track,,7,Group,PHY,mandatory,Medium,1
259,12,Math Games Club,not recorded,2,  2-person  ,Digital,ASG,Medium,0
260,12,Math Games Program,34.0,8,Group,Physical,opt in,easy,1
261,12,Memory Training Module,,1,Individual,Physical, Voluntary ,Hard,1
262,12,Music Circle Club,20.0,1, Individual ,  HYBRID  ,Voluntary, level 2 ,
263,12,Coding Basics Session,82.0,9,Group,Digital, Voluntary ,Hard,0
264,12,Science Experiment Program,24.0,2,2-person,Physical,Voluntary,medium,1
265,12,Lego Build Program,82.0,,GRP,Physical,Voluntary, Hard ,1
266,12,Coding Basics Session,43.0,7,Group, Physical ,VOLUNTARY,Easy,1
267,12,Creative Writing Club,70.0,2,Pair,Digital,Assigned,High,1
268,12,Nature Walk Module,54.0,,Individual,physical,Voluntary,n/a,1
269,12,Math Games Club,59.0,1,Individual,Online,voluntary, High ,
270,12,Board Games Workshop,n/a,11, Group ,Hybrid,ASSIGNED,EASY,
271,12,Coding Basics Session,43.0,1,individual ,  Digital  ,Voluntary, Medium ,0
272,12,Debate Club Track,39.0,1,  Individual  ,Hybrid,  VOL  ,easy,0
273,12,Puzzle Challenge Module,50.0,12,  Grp  ,HYB,VOLUNTARY,Medium,1
274,12,Science Experiment Lab,37.0,1,Unknown,Hybrid,  Opt-in  ,medium,0
275,12,Nature Walk Program,41.0,8,  Grp  ,Blended,VOL,Medium,1
276,12,Team Sports Club,56.0,1,Individual,PHY,  VOLUNTARY  ,Moderate,1
277,12,Team Sports Program,TBD,2,Pair,Digital,Voluntary,Easy,1
278,12,Gardening Lab,44.0,8,GROUP,Physical,Voluntary,Medium,0
279,12,Dance Session Club,36.0,2,Pairs,digital,Assigned,medium,0
280,12,Chess Tactics Program,41.0,2,Pair,DIG,ASG,MEDIUM,0
281,12,Creative Writing Program,40.0,1,INDIVIDUAL,Hybrid,Voluntary,Medium,1
282,13,Drawing Studio Program,57.0,13,Group,DIGITAL,mandatory,NULL,0
283,13,Drawing Studio Session,32.0,1,Individual,Blended,VOL,MEDIUM,1
284,13,Gardening Lab,22.0,1,Individual,Physical,Voluntary,-,
285,13,Origami Session,46.0,2,Pair,NA,Voluntary,Medium,1
287,13,Dance Session Program,,1,individual , PHY ,VOLUNTARY,Hard,1
288,13,Storytelling Program,76.0,1,individual ,mixed,mandatory,level 3,
289,13,Memory Training Club,42.0,2,PR,physical,Voluntary,Low,1
290,13,Dance Session Lab,54.0,1,Indiv,  Offline  ,Assigned,Medium,1
291,13,Creative Writing Workshop,38.0,10, Grp , Physical ,Voluntary,Medium,1
292,13,Origami Program,45.0,2,Pairs,Hybrid, Voluntary ,HARD,1
293,13,Storytelling Module,62.0,2,Pair,HYBRID,Voluntary,Medium,0
294,13,Drama Workshop Session,,8,group,  physical  ,Opt-in, Low ,1
295,13,Drawing Studio Module,61.0,, Group ,physical,  Opt-in  ,Low,1
296,13,Reading Club Lab,18.0,1,Individual,digital,Assigned,Easy,0
297,13,Dance Session Workshop,44.0,2,PR,PHY,VOL,Hard,0
298,13,Mindfulness Module,38.0,8,Group,HYB,Voluntary,level 1,1
299,13,Coding Basics Lab,14.0,9,Grp,Digital,Voluntary,Moderate,0
300,13,Music Circle Club,74.0,9,  Group  ,Hybrid,Mandatory,Hard,1
301,13,,50.0,,Individual,Digital,opt in,MEDIUM,0
302,13,Gardening Workshop,31.0,1,individual ,Physical,Voluntary,Medium,
303,13,Gardening Lab,30.0,7,GROUP,Hybrid,Assigned,Medium,1
304,13,Music Circle Module,51.0,8,Group,Hybrid,VOLUNTARY,level 2,1
306,13,Lego Build Session,75.0,10,GRP,Hybrid,Voluntary,Difficult,0
307,13,Lego Build Program,86.0,13,?,physical,Unknown,level 3,1
308,13,,37.0,9,Group,PHYSICAL,Voluntary,MEDIUM,
309,13,Debate Club Program,45.0,9,Group,  Hybrid  ,  VOL  ,level 2,0
311,14,Lego Build Club,52.0,,group,Hybrid,voluntary,  Medium  ,1
312,14,Creative Writing Track,41.0,1,Individual,Hybrid,Voluntary,hard,0
313,14,Science Experiment Lab,26.0,10,group work,  Digital  ,Opt-in,Easy,0
314,14,Storytelling Program,52.0,11,Grp,online,Voluntary,Medium,0
315,14,Photography Module,24.0,5,Group,online,Opt-in,Easy,0
316,14,Lego Build Program,40.0,2,PAIR,Physical,  Voluntary  ,  Easy  ,1
317,14,Storytelling Workshop,>60,,Group,Hybrid,Voluntary,E,0
318,14,Nature Walk Module,46.0,2,PAIR,Physical,VOLUNTARY,level 2,1
319,14,Drawing Studio Club,21.0,2,Pair,Hybrid,Voluntary,Easy,1
320,14,Creative Writing Session,29.0,2,pair,N/A,Voluntary,Low,0
321,14,Storytelling Session,62.0,6,Group,Blended, Voluntary ,Med,0
322,14,Chess Tactics Program,not recorded,8,Group,In-person,VOL,Med,1
323,14,Origami Club,,16,  group  ,Digital,Voluntary,Low,0
324,14,Photography Module,26.0,2,n/a,Digital,Voluntary,Medium,0
325,14,Chess Tactics Program,42.0,7,Group,Digital,Voluntary,Med,0
326,14,Math Games Lab,36.0,1,individual, PHYSICAL ,Voluntary,Easy,1
327,14,Robotics Lab Session,56.0,1,Individual,Digital,Mandatory,Medium,0
329,366,Origami Workshop,48.0,1,INDIVIDUAL,In-person,Opt-in, Easy ,1
330,14,Robotics Lab Session,26.0,2,PR,  Online  ,Voluntary,Easy,0
331,14,Team Sports Club,18.0,2,Pair,Hybrid,Voluntary,  Low  ,0
332,14,Reading Club Workshop,67.0,2,pair,Physical,voluntary,unknown,1
333,14,Chess Tactics Workshop,27.0,9,group work,Hybrid,Assigned, Medium ,1
334,14,Origami Track,n/a,,IND,hybrid,Voluntary,level 1,0
335,600,Drawing Studio Lab,,5,Grp,Hybrid,ASG,Moderate,0
336,14,Board Games Lab,42.0,9, Group ,online,Voluntary,medium,1
337,14,Math Games Session,68.0,9,Group,Digital,opt in,level 2,
338,14,Animation Studio Module,,1, individual  ,Physical,Voluntary,MEDIUM,1
339,14,Coding Basics Session,59.0,13,Group,Online, VOL , Hard ,0
341,14,Puzzle Challenge Club,36.0,1,Individual,Hybrid,Assigned,easy,1
342,14,Origami Session,18.0,1,  Individual  ,Hybrid,Voluntary,easy,0
343,15,Chess Tactics Program,30.0,1,Individual,Hybrid,Voluntary,Medium,1
344,15,Team Sports Workshop,47.0,1,INDIVIDUAL,Physical,Voluntary,Hard,1
345,15,Science Experiment Lab,59.0,6,Group,Hybrid,voluntary,Hard,0
346,856,Drama Workshop Module,-53.0,13, Group ,Offline,Voluntary,Hard,1
347,15,Chess Tactics Lab,36.0,6, Group ,HYB,VOL,  Easy  ,1
348,15,Origami Workshop,39.0,7,Group,Hybrid,Voluntary,Moderate,0
349,15,Robotics Lab Program,49.0,2,Pair,Digital,Assigned,Medium,1
350,15,Reading Club Program,78.0,13,Group,Hybrid,Voluntary,Medium,1
352,15,Puzzle Challenge Program,81.0,15,Grp,Hybrid,  ASSIGNED  ,Hard,
353,15,Creative Writing Club,42.0,1,Individual,  Physical  ,Assigned,Medium,1
354,15,Nature Walk Workshop,not recorded,,  Group  ,Hybrid,  Voluntary  ,E,1
355,15,Memory Training Club,46.0,2,PR,  Physical  ,voluntary,Med,1
356,15,Science Experiment Session,45.0,,group work,Hybrid,Mandatory,level 2,0
357,15,Team Sports Lab,47.0,2,pair,  In-person  ,voluntary,Medium,1
358,16,Coding Basics Track,16.0,1,Individual,Digital,  Voluntary  ,Medium,0
359,16,Debate Club Module,39.0,7,Grp,Offline, Voluntary ,EASY,
360,16,Music Circle Lab,43.0,2,PR,Hybrid,Assigned,,0
361,16,Music Circle Session,24.0,6,GROUP,Digital, Mandatory ,Easy,1
362,16,Creative Writing Module,65.0,7,Group,In-person,opt in,MEDIUM,1
363,16,Nature Walk Program,30.0,10,GROUP,Physical,Mandatory,Medium,1
364,16,Drawing Studio Club,47.0,12,group work,Hybrid,Assigned,Hard,1
365,16,Coding Basics Program,67.0,1,Individual,Digital,Assigned,level 3,0
366,16,Puzzle Challenge Program,33.0,4,Group,online,Assigned,easy,0
367,16,Storytelling Lab,30.0,,Individual,  Online  ,Voluntary,Medium,0
368,16,Drawing Studio Workshop,46.0,,Pair,Digital,Mandatory,E,0
369,16,Lego Build Workshop,50.0,1,  Individual  ,PHY,Assigned,medium,1
370,16,Memory Training Workshop,26.0,10,group work,Hybrid,Assigned,Easy,0
371,16,Coding Basics Module,57.0,9, Group ,  Digital  ,Voluntary,  Hard  ,0
372,16,Debate Club Session,56.0,7, Grp , Hybrid ,Voluntary,E,0
373,16,Drawing Studio Workshop,48.0,10,Group,PHY,Voluntary,MEDIUM,1
374,16,Drama Workshop Workshop,41.0,1,Individual,Hybrid, ASG , Med ,1
375,17,Storytelling Session,-55.0,9,Group,digital,unknown,Medium,0
376,17,Dance Session Session,46.0,2,Pair,online,Assigned,Easy,0
377,17,Reading Club Track,,2,PAIR,PHY, Assigned ,E,0
378,17,Music Circle Module,65.0,10,Group,PHYSICAL,Opt-in,level 3,
379,595,Gardening Session,48.0,8,group,Physical,VOLUNTARY,Easy,1
380,17,Music Circle Session,66.0,1,Indiv,DIGITAL, voluntary ,Hard,0
381,17,Math Games Session,49.0,8,Grp,digital,ASSIGNED,Easy,0
382,17,Lego Build Program,59.0,8,group work,mixed,Assigned,level 1,0
383,17,Puzzle Challenge Workshop,33.0,2,Pairs,Digital,Voluntary,  Easy  ,0
384,17,Storytelling Lab,--,1,Individual,  Digital  , Assigned ,Easy,0
385,17,Reading Club Program,>60,1,individual ,digital,  voluntary  ,Medium,0
386,17,Dance Session Session,<1,1,Individual,In-person,ASG,Easy,1
387,17,Team Sports Module,27.0,1,Individual,Physical,Assigned,NULL,1
388,17,Board Games Club,42.0,6,Grp,Hybrid, Voluntary ,level 1,0
389,17,Mindfulness Program,49.0,1,Individual,Hybrid,ASG,Easy,0
390,17,Dance Session Program,42.0,7,  group work  ,PHY,Assigned,Easy,1
391,17,Reading Club Club,29.0,1,Indiv, Digital ,Assigned,Easy,0
392,17,Coding Basics Club,48.0,1,INDIVIDUAL, Digital ,voluntary,Easy,1
393,17,Dance Session Track,32.0,10, Group ,Physical,NULL,Easy,1
394,17,Lego Build Program,40.0,1,INDIVIDUAL, Physical ,ASSIGNED,EASY,1
395,17,Drama Workshop Module,29.0,1,individual,HYBRID,ASG,EASY,1
396,17,Lego Build Program,47.0,,Grp,Hybrid,Voluntary,easy,1
397,17,Mindfulness Workshop,48.0,13,  Group  ,Physical,Assigned,Medium,1
398,17,,,6,Unknown,HYB,Assigned,Easy,0
399,17,Coding Basics Club,58.0,13,Grp,Digital,ASSIGNED,MEDIUM,1
400,18,Coding Basics Session,47.0,2,N/A,Digital,Assigned,Medium,
401,18,Nature Walk Program,46.0,1,Individual,online,Voluntary,  E  ,0
402,18,Music Circle Module,,2,Pair,Blended,ASG,Easy,0
403,18,Storytelling Lab,14.0,6, Group ,HYBRID,mandatory,Easy,1
404,18,Cooking Basics Workshop,28.0,10,  Group  , Physical ,Assigned,Easy,1
405,18,Mindfulness Module,50.0,1,Indiv,Physical,ASSIGNED,Med,
406,18,Origami Track,79.0,9,group work,Offline,Assigned,Hard,1
407,18,Creative Writing Session,19.0,2,PR,  Physical  ,Assigned,easy,1
408,18,Debate Club Track,52.0,1,Individual, Hybrid ,ASG,Medium,1
409,18,,,1,individual , Physical ,ASG,Medium,1
410,590,Science Experiment Program,45.0,2,Pair,  Digital  ,opt in,Medium,0
411,18,Debate Club Club,37.0,12,Grp,Offline,Assigned,Medium,1
412,18,Reading Club Track,50.0,1,IND,In-person,Assigned,Easy,1
413,18,Animation Studio Lab,44.0,,Pair,Digital,  Voluntary  ,  Medium  ,0
414,18,Lego Build Club,30.0,4,group,physical,Assigned,Easy,1
415,18,Music Circle Program,,13, Group ,Physical,Voluntary,Medium,0
416,18,Coding Basics Program,62.0,9,GRP,Digital,Voluntary,hard,1
417,18,Science Experiment Workshop,54.0,2,Pair,Hybrid,  Assigned  ,Medium,
418,18,Chess Tactics Program,28.0,1,Individual,Hybrid,Assigned,Moderate,0
419,18,Robotics Lab Club,63.0,1,Individual,Offline,ASG,?,1
420,18,Photography Module,35.0,2,2-person,Physical,VOLUNTARY,MEDIUM,1
421,19,Mindfulness Workshop,51.0,1,Individual,online,ASG,Easy,0
422,19,Gardening Program,22.0,2, Pairs ,physical,voluntary,Medium,1
423,19,Robotics Lab Lab,50.0,9,group, Digital ,Assigned,MEDIUM,0
424,19,Creative Writing Club,26.0,,pair,Digital,voluntary,Medium,0
425,19,,31.0,,Group,Physical, Opt-in ,Medium,1
426,19,Chess Tactics Session,36.0,1, Individual ,DIG,Assigned,Moderate,0
427,19,Drama Workshop Lab,39.0,15,GROUP, Offline ,Voluntary,Medium,1
428,19,Nature Walk Session,51.0,1,Individual,Physical,  Opt-in  ,Easy,1
429,19,Animation Studio Lab,55.0,1,Indiv,Digital,Mandatory,Medium,0
430,19,Math Games Session,,1,Individual,Digital,Voluntary,level 2,0
431,19,Team Sports Lab,54.0,11,GRP,Physical,VOL,Hard,
432,19,,-14.0,1,Individual, PHYSICAL ,Voluntary,Medium,1
433,19,Drawing Studio Program,49.0,9,Group,Hybrid,Voluntary,Moderate,0
434,19,Storytelling Program,53.0,2,Pair,Physical,Voluntary,Hard,1
435,19,Board Games Lab,46.0,4,GRP, Physical ,Voluntary,medium,1
437,19,Math Games Program,21.0,2,Pair,Digital,-,MEDIUM,0
438,19,Lego Build Module,20.0,2,PR,Hybrid,assigned,Easy,0
440,19,Team Sports Program,41.0,2,2-person,Physical,Assigned,Easy,0
442,20,Drama Workshop Module,36.0,1,Individual,DIGITAL,mandatory,medium,0
443,20,Animation Studio Workshop,36.0,1,Individual,Digital,n/a,level 2,0
444,20,Dance Session Track,63.0,8,group,  Physical  ,VOL,Medium,1
445,20,Animation Studio Module,25.0,1,Individual, Digital ,Voluntary,Low,0
446,20,Memory Training Program,49.0,12, Grp ,Hybrid,Assigned,MEDIUM,0
447,20,Cooking Basics Track,36.0,14,GRP,  Hybrid  ,  Assigned  ,Easy,1
448,20,Mindfulness Program,28.0,1,Individual,Hybrid, VOL ,Medium,0
449,20,Drama Workshop Module,38.0,6,group,Blended,voluntary,Low,1
450,20,Mindfulness Module,49.0,7,GROUP, DIG ,Opt-in,Medium,
451,20,Cooking Basics Workshop,41.0,9,Group,PHYSICAL,  Voluntary  ,Easy,1
452,20,Music Circle Track,42.0,1,INDIVIDUAL,Physical,Assigned,  Medium  ,1
453,20,Math Games Program,13.0,1,Individual,online,VOLUNTARY,Easy,0
454,20,Drama Workshop Session,35.0,12,Group,mixed,Voluntary,Medium,1
455,20,Dance Session Session,32.0,7,Grp,NA,  Voluntary  ,Low,1
456,20,Mindfulness Track,49.0,10,group work,Digital,Voluntary,Med,0
457,20,Animation Studio Module,38.0,2,Pair,Digital,VOLUNTARY,Medium,0
458,20,Lego Build Session,61.0,9,Grp,DIGITAL,Assigned,Easy,0
460,20,Drama Workshop Program,,8,GRP,DIG,Voluntary,level 1,0
461,20,Coding Basics Lab,30.0,7,GROUP,DIG,ASG,medium,0
462,20,Chess Tactics Track,50.0,9,Group,Blended,Assigned,level 1,0
463,20,Chess Tactics Workshop,54.0,1,,Online,Voluntary,Hard,0
464,21,Drawing Studio Club,27.0,11,Group,Physical,Opt-in,Easy,1
465,21,Creative Writing Program,63.0,2,2-person,Physical,Voluntary,Hard,1
466,21,Debate Club Club,55.0,8,group,Hybrid,VOLUNTARY,n/a,0
467,21,Dance Session Workshop,49.0,1,individual ,In-person,voluntary,Medium,1
468,21,Dance Session Workshop,18.0,1,Individual, mixed ,Voluntary,Low,0
470,21,Team Sports Track,54.0,1,Individual,  In-person  ,Voluntary,level 2,1
471,21,Origami Module,56.0,2,PAIR,  PHYSICAL  ,Voluntary,Hard,1
472,21,Board Games Module,>60,1,Individual,HYBRID,VOLUNTARY,easy,1
473,21,Creative Writing Track,83.0,7,Group,Hybrid,Assigned,Medium,0
474,21,Creative Writing Program,17.0,1,Individual,physical,  ASSIGNED  ,Medium,1
475,21,Board Games Session,57.0,1,Individual,PHYSICAL,  mandatory  ,Medium,1
476,21,Animation Studio Session,TBD,5,NULL,Online,Voluntary,Easy,0
477,21,Lego Build Module,-42.0,10,group,Physical,mandatory,Easy,
478,21,Chess Tactics Workshop,25.0,,Group,Hybrid,Voluntary,Hard,0
479,21,Animation Studio Program,22.0,2,PR, DIG ,Opt-in,EASY,0
480,21,Science Experiment Module,56.0,3,Group,online,VOL,Difficult,0
481,21,Drama Workshop Club,31.0,1,Individual,digital,Assigned,MEDIUM,0
482,21,Creative Writing Club,,,Group,DIG,VOLUNTARY,Easy,0
483,21,Robotics Lab Lab,46.0,,IND,Digital,Voluntary,Hard,0
484,21,Robotics Lab Track,,8,Group,Digital,opt in,High,0
485,21,Nature Walk Program,35.0,6,Group,Physical,Voluntary,Easy,1
486,21,Coding Basics Session,40.0,9,GRP,  physical  ,opt in,Med,1
487,21,Dance Session Module,66.0,10,group work,PHY,Voluntary,Medium,1
488,21,Chess Tactics Session,52.0,10, Group ,PHYSICAL,VOLUNTARY,medium,1
489,21,Lego Build Workshop,22.0,8,Group,Digital,Assigned,Med,0
490,21,Puzzle Challenge Session,43.0,10,Group,Physical,Voluntary, Easy ,
491,21,Gardening Session,,1,Individual,  physical  ,voluntary,Hard,1
492,21,Puzzle Challenge Program,44.0,1,Indiv,unknown,VOLUNTARY,Medium,1
493,21,Puzzle Challenge Session,52.0,,Pairs,Digital,Voluntary,  HARD  ,
494,21,Mindfulness Workshop,53.0,7,Group,Hybrid,Voluntary,Easy,1
495,21,Storytelling Program,79.0,10,Group,Physical,ASSIGNED,High,1
496,21,Reading Club Lab,15.0,1,Individual,  Hybrid  , Voluntary ,MEDIUM,1
497,21,Science Experiment Lab,18.0,20,Group,Blended,Opt-in,Easy,
498,21,Chess Tactics Track,65.0,11,Group, Digital ,Assigned,Medium,0
499,775,Origami Session,36.0,1,Individual,physical,VOLUNTARY,Easy,1
500,21,Reading Club Track,44.0,1,Individual,Physical,Voluntary,Medium,1
501,21,Drawing Studio Club,39.0,,INDIVIDUAL,Hybrid,Assigned,Medium,1
502,21,Origami Lab,45.0,6,Group,digital,Assigned,Medium,0
503,21,Drawing Studio Session,46.0,14,Group,Physical,ASSIGNED,level 1,1
504,21,Team Sports Module,20.0,1,IND,PHYSICAL,Voluntary,level 2,1
505,21,Chess Tactics Club,22.0,9,GRP,online,VOLUNTARY,Low,
506,21,Music Circle Session,36.0,2,PAIR,  Digital  ,Voluntary,Medium,0
507,21,Science Experiment Lab,46.0,12,GRP,online, Voluntary ,Medium,0
508,21,Gardening Program,49.0,5, Group ,Offline,unknown,level 2,1
509,21,Creative Writing Session,33.0,6,Group,physical,Voluntary,Medium,1
510,21,,24.0,7, Group ,  PHY  ,Voluntary,n/a,1
511,21,Chess Tactics Workshop,32.0,7,Group, In-person ,  Voluntary  , easy ,1
512,21,Debate Club Workshop,,10,Group,In-person,opt in,Moderate,1
513,21,Cooking Basics Program,not recorded,10,Group,online,Voluntary, level 1 ,0
514,21,Cooking Basics Program,38.0,,  group  , HYBRID ,Voluntary,medium,1
515,21,Chess Tactics Lab,22.0,1,Individual,hybrid, Opt-in ,Easy,0
516,21,Drama Workshop Track,83.0,9,Group,mixed,  Voluntary  ,High,0
517,21,Music Circle Club,47.0,1,IND,Hybrid,Voluntary,Medium,1
518,21,Chess Tactics Program,27.0,9,Grp,PHY, VOL ,  Easy  ,1
519,21,Board Games Club,,1,Individual,HYB,Voluntary,Moderate,1
520,21,Team Sports Program,70.0,2,2-person,Hybrid,opt in,level 3,
521,21,Gardening Module,45.0,2,-,Physical, Voluntary , MEDIUM ,1
522,21,Lego Build Club,51.0,,Grp,mixed,ASG,level 2,1
523,21,Coding Basics Lab,34.0,2,2-person,PHYSICAL,Opt-in,  Medium  ,1
524,21,Drawing Studio Program,48.0,1,Individual, mixed , Voluntary ,Hard,0
525,21,Reading Club Program,46.0,7,  Group  ,Hybrid,Opt-in,Medium,1
526,21,Chess Tactics Session,36.0,12,group,Physical,n/a,Easy,1
527,21,Animation Studio Lab,52.0,9,Group,Physical, opt in ,Medium,1
528,22,Origami Club,38.0,1,Individual,Hybrid,  voluntary  ,Hard,0
529,22,Storytelling Club,41.0,,group work,Digital,Voluntary,Easy,1
530,22,Team Sports Workshop,26.0,8,  Group  ,Digital,Voluntary, Easy ,1
531,22,Drama Workshop Workshop,59.0,7, group ,  Physical  ,,Easy,1
532,22,Memory Training Track,53.0,9,Group,mixed,Assigned, Medium ,1
533,22,Creative Writing Workshop,59.0,15,group,Hybrid, opt in ,Hard,1
534,22,Debate Club Module,37.0,10,Group,Digital,opt in,Easy,0
535,22,Origami Module,25.0,1,Individual,NULL,  opt in  ,Easy,1
536,22,Origami Module,59.0,11,Group,DIG,Opt-in,Easy,0
537,22,Animation Studio Workshop,34.0,1,,In-person, Voluntary ,Medium,1
538,22,Drawing Studio Module,56.0,2, PAIR ,Offline, voluntary ,Medium,1
539,150,Creative Writing Track,78.0,5,Group,Offline,Opt-in,HARD,1
540,283,,43.0,10,Group,Digital,Voluntary,Low,0
541,22,Mindfulness Club,40.0,1,  individual   ,Hybrid,Voluntary,medium,1
542,22,Lego Build Workshop,51.0,1,INDIVIDUAL,  Blended  ,VOL,Med,0
543,22,Memory Training Module,34.0,11,Group,HYB,Assigned,Medium,0
544,22,Science Experiment Session,12.0,1,Indiv, Digital ,N/A,Easy,0
545,22,Team Sports Workshop,19.0,11,Group,Online,Voluntary,Easy,0
546,22,Drama Workshop Track,,7,Group,n/a,opt in,easy,0
547,22,Dance Session Module,42.0,17,GRP,Physical,  assigned  ,Easy,1
548,22,Mindfulness Session,21.0,2,  Pair  ,HYB,Opt-in, EASY ,1
549,22,Animation Studio Module,45.0,14,Group,Offline,opt in, EASY ,1
550,22,Puzzle Challenge Program,47.0,13,Group,Hybrid, Voluntary ,MEDIUM,1
551,22,Lego Build Module,40.0,,PAIR,Hybrid,opt in,Difficult,1
552,22,Mindfulness Module,53.0,10,Grp,Physical,Voluntary,Difficult,1
553,22,Animation Studio Program,35.0,,Individual,Physical, Voluntary ,Medium,1
554,22,Storytelling Club,50.0,,Grp,Hybrid,opt in, Med ,1
555,22,Chess Tactics Club,59.0,8, Group ,mixed,ASG,hard,1
556,22,Drama Workshop Program,48.0,1,Individual,Digital,  VOL  ,High,0
557,23,Dance Session Lab,-44.0,1,NA,Physical,ASSIGNED,Medium,1
558,23,Reading Club Lab,77.0,,individual ,HYB,Voluntary,  Hard  ,0
559,23,Team Sports Workshop,47.0,1,individual,Physical,Opt-in,Difficult,1
560,23,Coding Basics Track,39.0,2,Pair,Physical,Voluntary,Medium,1
561,500,Storytelling Module,84.0,, Group ,Physical,Assigned,MEDIUM,
562,23,Cooking Basics Track,68.0,7,Group,Digital,Assigned,  Medium  ,
563,23,Mindfulness Program,>60,,Indiv,Hybrid,Voluntary,NULL,1
564,23,Creative Writing Club,39.0,5,  Group  ,hybrid,Voluntary,E,
565,23,Coding Basics Track,54.0,1,Unknown,Unknown,VOL,E,0
567,23,Science Experiment Track,38.0,7,Group,Digital,voluntary,  Medium  ,0
568,23,Drama Workshop Session,26.0,2, 2-person ,Physical,Voluntary, Medium ,1
569,23,,38.0,2,Pair,Offline,Voluntary,medium,1
570,23,Animation Studio Club,-40.0,2,Pair,Physical,mandatory,Medium,1
571,23,Board Games Club,23.0,6,group,Hybrid,Voluntary,  level 1  ,1
572,23,Creative Writing Session,66.0,9,Group,Hybrid,Mandatory,level 2,1
573,23,Animation Studio Module,10.0,1,INDIVIDUAL,Digital,Assigned,Low,0
574,23,Origami Session,53.0,12,Group,  Physical  ,?,MEDIUM,1
575,23,Photography Session,86.0,10,Group,Digital,  Mandatory  ,Moderate,0
576,23,Debate Club Program,39.0,12,Group,PHY,Assigned,High,1
577,23,Board Games Workshop,41.0,2,  PAIR  ,Hybrid,Opt-in,Medium,0
578,23,Board Games Session,43.0,2,Pair,Digital,Voluntary,EASY,0
579,23,Debate Club Track,61.0,1,individual, mixed ,Voluntary,Hard,1
580,23,Dance Session Workshop,40.0,2,2-person,In-person,VOL,medium,1
581,23,Team Sports Lab,31.0,14,Group,PHYSICAL, voluntary ,Low,1
582,23,Nature Walk Workshop,48.0,7,Group, digital ,Voluntary,  Hard  ,1
583,23,Cooking Basics Session,55.0,11,  Group  ,  Physical  ,Voluntary,Moderate,1
584,23,Drawing Studio Club,30.0,3,group,PHY, Voluntary ,Easy,1
585,24,Music Circle Lab,24.0,9,group,PHY, voluntary ,Easy,1
586,24,Drawing Studio Session,53.0,8,Group,  physical  , Assigned ,Hard,1
587,24,Robotics Lab Workshop,63.0,6,Group,Online,Voluntary,Hard,0
588,24,Puzzle Challenge Workshop,35.0,1,Individual,hybrid,voluntary,Hard,1
589,24,Gardening Lab,58.0,13,Group,Physical, Opt-in ,Moderate,1
590,24,Drawing Studio Module,53.0,7,group, Digital , Mandatory ,Medium,0
591,24,Debate Club Track,<1,9,GROUP,Hybrid,Voluntary,-,0
592,24,Nature Walk Club,,6,GROUP, Offline ,Assigned,Easy,1
593,24,Puzzle Challenge Program,47.0,9,Group, PHYSICAL ,Opt-in,Moderate,1
594,24,Reading Club Track,56.0,11,GRP,PHY,voluntary,level 2,1
595,24,Memory Training Workshop,-35.0,2,Pair,physical,Voluntary,Easy,
596,25,Mindfulness Program,65.0,1,Indiv,Digital,Voluntary,hard,0
598,458,Dance Session Club,-53.0,11,Grp,Digital,VOLUNTARY,Medium,0
599,25,Animation Studio Track,15.0,9,GROUP,Offline,Assigned,EASY,1
600,25,Lego Build Session,33.0,9,unknown,digital,Voluntary,Medium,
601,25,Robotics Lab Workshop,39.0,9, group work ,physical,Opt-in,Easy,0
602,25,Creative Writing Track,41.0,1,Individual,Hybrid,voluntary,level 1,1
603,25,Mindfulness Session,76.0,8,Group,Digital,Voluntary,Medium,1
604,25,Debate Club Club,30.0,1,individual ,NA,opt in,Medium,1
605,25,Robotics Lab Track,58.0,13,Group, Digital ,Voluntary,Medium,0
606,26,Dance Session Lab,39.0,1,Individual,Physical,  ASSIGNED  ,medium,1
607,26,Nature Walk Module,34.0,8,Group, Digital ,mandatory,  Easy  ,0
608,26,Reading Club Workshop,55.0,8, GROUP ,Hybrid,mandatory,Easy,1
609,26,Storytelling Module,62.0,3,Group,In-person,ASG,hard,1
611,26,Origami Club,30.0,1,Individual,Hybrid,Voluntary,Hard,1
612,26,Mindfulness Club,52.0,17,Group,Hybrid,Assigned,Medium,0
613,26,Drawing Studio Club,14.0,1,individual,Physical,Opt-in,Medium,1
614,26,Origami Club,41.0,,GRP,  Physical  ,assigned,High,1
615,26,Team Sports Session,39.0,10,Group,Physical,ASSIGNED,Hard,1
616,26,Lego Build Club,,8,Group,Physical,Voluntary, Hard ,1
617,26,Cooking Basics Program,61.0,13,?,DIGITAL,VOL,Hard,0
618,26,Chess Tactics Lab,34.0,1,Individual,Hybrid,voluntary,Medium,1
619,26,Storytelling Session,53.0,11,,PHY,Opt-in,Medium,1
620,26,Science Experiment Session,46.0,10,GROUP,mixed,  voluntary  , level 1 ,1
621,26,Gardening Track,16.0,14,  Group  ,Hybrid,  Voluntary  , Medium ,1
622,26,Team Sports Workshop,41.0,5,GRP,Physical,voluntary,level 3,1
624,26,Photography Workshop,30.0,,PR,Digital,ASG,Medium,0
625,26,Lego Build Session,19.0,10,Group,Digital,Voluntary,Medium,0
626,26,Gardening Club,-38.0,1, Individual ,Physical,Voluntary,Medium,
627,26,Board Games Session,29.0,1,Individual,,  Mandatory  ,Medium,1
628,26,Team Sports Lab,34.0,,individual,Offline,  Assigned  ,Medium,1
629,27,Lego Build Module,16.0,2, pair ,Physical,Voluntary,Low,1
630,27,Team Sports Track,57.0,8,Grp,Physical,VOLUNTARY,Medium,1
631,27,Puzzle Challenge Track,59.0,12,unknown,Blended,Voluntary,Medium,1
632,27,Nature Walk Program,57.0,2,PR,PHYSICAL,assigned,Hard,1
633,27,Memory Training Lab,56.0,1,Indiv,HYB,Opt-in,  E  ,0
634,565,Gardening Session,42.0,1,Individual,digital,Voluntary,Easy,0
635,27,Robotics Lab Program,19.0,2,Pair,online,Voluntary,Easy,0
636,27,Team Sports Workshop,38.0,11,Group,Hybrid,  Voluntary  ,easy,1
637,27,Reading Club Session,36.0,2,PR,Digital, Opt-in ,  Easy  ,1
638,27,Drama Workshop Club,63.0,8, Group ,Digital, Voluntary ,hard,1
639,27,Origami Workshop,49.0,10,Group,  HYB  ,Opt-in,EASY,1
640,27,Reading Club Lab,24.0,1,IND,Physical,assigned,Easy,1
641,27,Reading Club Module,42.0,1,n/a,Physical,voluntary,Easy,1
642,27,Storytelling Club,43.0,2,Pairs,Hybrid,  Voluntary  ,Medium,1
643,27,Coding Basics Program,>60,2,Pair,Digital,Voluntary,Easy,0
644,27,Mindfulness Workshop,59.0,,Group,Digital,opt in,EASY,0
646,27,Animation Studio Program,47.0,13,Grp,Digital,voluntary,Easy,0
647,27,Debate Club Lab,,9,GRP,Physical,VOL,Easy,1
648,27,Math Games Program,55.0,1, Individual ,Digital,Voluntary,Medium,
649,27,Science Experiment Program,30.0,5,Group,Digital,  Voluntary  ,EASY,
650,27,Debate Club Track,n/a,,Group,Physical,Voluntary,EASY,1
651,27,Photography Module,35.0,1,individual,Online,VOLUNTARY,Low,0
652,27,Drama Workshop Club,61.0,11,Group,Hybrid,Voluntary, level 1 ,1
653,27,Music Circle Session,38.0,12,Grp,Digital,voluntary,Easy,0
654,27,Puzzle Challenge Program,47.0,8,Group,Hybrid,VOLUNTARY, level 3 ,0
655,27,,-52.0,8,Group,Physical,Voluntary,Easy,1
656,27,Reading Club Session,29.0,1,  Individual  ,Physical, Voluntary ,Easy,1
657,27,Creative Writing Club,,9,Group,HYBRID,Voluntary,EASY,1
659,27,Origami Program,48.0,1,Individual,HYBRID,assigned,Easy,1
660,27,Board Games Program,61.0,3,group,Physical,VOLUNTARY,Hard,1
661,27,Robotics Lab Track,26.0,1,Individual,Online,voluntary, Easy ,0
662,27,Lego Build Club,63.0,8,group work,Hybrid,Voluntary,Medium,1
663,507,Animation Studio Workshop,70.0,10,  GROUP  ,Digital,Voluntary,Medium,0
664,27,Lego Build Lab,57.0,12,Group,  online  ,Voluntary,level 1,0
665,216,Science Experiment Module,38.0,8,Group,hybrid,opt in,level 1,0
666,27,Math Games Club,25.0,1,individual,PHYSICAL,null,Easy,1
667,28,Drama Workshop Club,22.0,2,Pair,Blended,opt in,Medium,0
668,28,,36.0,,PR,Digital,Assigned,level 2,1
669,28,Reading Club Lab,36.0,,INDIVIDUAL,Physical,ASG,Easy,1
670,28,Dance Session Module,61.0,2,  pair  ,Physical,  ASG  ,High,0
671,28,Creative Writing Lab,42.0,10,Grp, Digital ,  ASSIGNED  ,level 1,0
672,28,Dance Session Module,71.0,2,Pairs,Offline,Mandatory,hard,1
673,28,Board Games Program,23.0,13,Group,Hybrid, Assigned ,Medium,0
674,28,Mindfulness Session,32.0,9,group work,Digital,Assigned,Easy,0
675,28,Animation Studio Lab,13.0,6,group work,PHYSICAL,  ASG  ,Medium,1
676,28,Mindfulness Module,55.0,,Group,Blended, Voluntary ,Hard,1
677,28,Drama Workshop Program,52.0,6,Group,PHY,Assigned,Medium,1
678,28,Mindfulness Track,36.0,9,Group,Physical,Assigned,  Hard  ,
679,28,Drama Workshop Module,59.0,8,Group,Digital,Assigned,Hard,0
680,28,Animation Studio Workshop,27.0,1,Individual, Digital ,Voluntary,  Medium  ,0
681,28,Reading Club Session,48.0,2, Pair ,physical, Voluntary ,High,1
682,28,Science Experiment Club,45.0,2,Pair,Physical,Assigned,level 3,1
683,28,Chess Tactics Workshop,51.0,7,  Group  ,physical,Opt-in,hard,1
684,28,Cooking Basics Lab,42.0,2,Pair,physical, Voluntary ,Med,1
685,28,Music Circle Club,51.0,1,Individual,mixed,Assigned,  Hard  ,1
686,28,Music Circle Lab,48.0,2,Pair,Hybrid,voluntary,  Easy  ,1
687,28,Nature Walk Program,53.0,1,individual ,Physical,Voluntary,level 2,
688,28,Robotics Lab Club,18.0,10,group work,DIG,Voluntary,Easy,
689,28,Storytelling Workshop,30.0,12,group work,DIGITAL,Voluntary,Med,0
690,28,Science Experiment Club,41.0,6,Group,Blended,opt in,medium,0
691,28,Dance Session Club,80.0,7,Group,PHYSICAL,Assigned,Hard,1
692,28,Memory Training Workshop,43.0,1,Individual,Hybrid,Opt-in,Hard,1
693,28,Board Games Lab,,6,GROUP,Hybrid,mandatory,MEDIUM,1
694,28,Music Circle Club,18.0,4,GRP,HYB,Assigned,  Easy  ,0
696,28,Memory Training Module,69.0,1,individual ,DIG,assigned,Hard,0
697,29,Puzzle Challenge Track,62.0,10,group,Physical,Voluntary,Medium,1
698,29,Reading Club Module,-51.0,12,  group work  ,PHY,  Assigned  ,Low,1
699,29,Team Sports Lab,29.0,2,Pair,Digital,ASSIGNED,Medium,1
700,29,Math Games Session,60.0,5,  GROUP  ,online,Assigned,Medium,0
701,29,Puzzle Challenge Lab,27.0,2,PAIR,Digital,VOLUNTARY,level 2,0
702,29,Debate Club Module,20.0,1,individual, In-person ,opt in,easy,0
703,29,Memory Training Module,56.0,1,  individual   ,DIGITAL,  Assigned  ,HARD,0
704,577,Board Games Program,18.0,1,Individual,  Physical  ,Opt-in,  Easy  ,1
705,29,Drama Workshop Program,43.0,1,individual,Physical,Mandatory,Easy,1
706,29,Lego Build Track,29.0,1,INDIVIDUAL,-,ASSIGNED,Medium,0
707,29,Robotics Lab Club,44.0,10,Group,N/A,assigned,Easy,0
710,29,Board Games Lab,49.0,1,Indiv,Hybrid, Assigned ,High,1
711,29,Math Games Session,18.0,2,pair, physical ,Assigned,Easy,1
712,29,Chess Tactics Module,27.0,2,Pair,-,VOLUNTARY,Easy,1
713,326,Music Circle Program,51.0,2,Pair,Physical,Voluntary,Easy,1
714,29,Drawing Studio Module,60.0,11,Grp,PHYSICAL,assigned,Medium,1
715,29,Music Circle Club,46.0,2,Pair,Digital,Voluntary,Hard,0
716,29,Gardening Track,30.0,1,Individual,Hybrid,Voluntary,Easy,1
717,29,Dance Session Track,37.0,1,Individual,digital,Assigned,Medium,
718,29,Gardening Track,33.0,1,Indiv,Hybrid,Voluntary,  Medium  ,0
719,29,Reading Club Program,,12,GRP,Physical,Voluntary,medium,1
720,29,Lego Build Track,63.0,2,Pair,  Digital  ,Assigned,  hard  ,0
721,29,Team Sports Club,,12, Group ,Hybrid,Voluntary, Easy ,0
722,29,Mindfulness Club,41.0,2,PR, Physical ,Assigned,Easy,
723,29,Reading Club Workshop,61.0,2,2-person,Blended,Voluntary,Easy,1
724,29,Creative Writing Club,34.0,2,PAIR,HYB,Voluntary,Low,1
725,29,Photography Workshop,33.0,1,Individual,  DIGITAL  ,Voluntary,Easy,0
726,29,Debate Club Session,20.0,2,Pair, Physical ,Assigned,Easy,1
727,29,Board Games Session,48.0,2,Pairs,Hybrid,Assigned,Medium,1
728,29,Puzzle Challenge Club,n/a,2,Pair,null,ASSIGNED,null,
729,29,Nature Walk Session,45.0,12,Grp,HYBRID,Assigned,EASY,1
730,29,Reading Club Track,46.0,1,Individual,Blended,Voluntary,Medium,1
731,29,Animation Studio Program,54.0,1,Individual,online,voluntary,Hard,0
732,29,Math Games Session,47.0,,Group, Digital ,VOL,Medium,0
733,29,Animation Studio Session,55.0,13,Group,physical,Voluntary,Med,
734,29,Puzzle Challenge Workshop,35.0,1,Individual,Hybrid,  ASSIGNED  ,Easy,1
735,29,Nature Walk Program,61.0,10,group work,N/A,Assigned,easy,1
736,30,Nature Walk Module,59.0,9,GROUP,Physical,Voluntary,E,1
737,30,Puzzle Challenge Session,38.0,2,pair,Hybrid,Voluntary,unknown,1
738,30,Photography Module,61.0,11,Group,Physical,voluntary, Hard ,0
739,30,,52.0,9,Group,Digital,assigned,  level 3  ,0
740,30,Robotics Lab Workshop,52.0,2,PR,Digital,Mandatory,Medium,0
741,30,Math Games Workshop,-42.0,7,Group,DIG,  Assigned  ,Hard,1
742,30,,36.0,2,PR,Digital,Voluntary,High,0
743,30,Animation Studio Program,,5, GRP ,Physical,Voluntary, Medium ,1
744,30,Nature Walk Session,,5,Group,DIGITAL,Voluntary,Hard,0
746,30,Team Sports Session,38.0,2,PAIR,Online,opt in,Medium,1
747,30,Chess Tactics Lab,--,,Indiv,  Blended  ,Voluntary, Moderate ,0
748,30,Origami Session,36.0,1,INDIVIDUAL,hybrid,  VOLUNTARY  ,Hard,1
749,30,Debate Club Program,,,  Group  ,Hybrid,Voluntary,  Hard  ,0
750,30,Origami Workshop,67.0,1,Individual,Blended,Assigned,High,
751,30,Mindfulness Module,66.0,10,GRP,Digital,VOL,Med,0
752,30,Gardening Track,46.0,11,Group,Physical,voluntary,HARD,1
753,30,Drama Workshop Workshop,27.0,2,Pair,Physical,VOLUNTARY,EASY,1
754,30,Gardening Lab,52.0,7,GRP,Physical,ASG,Medium,1
755,30,Drawing Studio Club,-45.0,5, Group ,Hybrid,VOL, Easy ,
756,30,Mindfulness Program,40.0,2,Pair,Hybrid,Opt-in,Medium,1
757,30,Creative Writing Track,43.0,12,Grp,Physical,opt in,HARD,1
758,30,Board Games Lab,40.0,1,individual,PHY,Voluntary,MEDIUM,1
759,30,Drama Workshop Session,68.0,17,  Group  ,Hybrid,Voluntary,High,0
761,30,Team Sports Session,,6,  GRP  ,Physical,VOL,Med,0
762,30,Reading Club Module,48.0,2,Pair,Hybrid,opt in,Medium,
763,30,Music Circle Program,51.0,9,  Group  ,Hybrid,Mandatory, HARD ,1
764,30,Math Games Workshop,27.0,1,Individual,DIG,Voluntary,medium,0
765,30,Coding Basics Club,30.0,,GRP,Digital,Voluntary,Moderate,0
766,30,Robotics Lab Module,42.0,8,Group,Digital,ASG,Medium,0
767,30,Team Sports Session,66.0,2,Pair,physical,VOL,HARD,1
768,30,Music Circle Workshop,38.0,1,INDIVIDUAL, Physical ,Voluntary,Medium,1
769,30,Debate Club Session,58.0,1,individual ,HYB,VOL,MEDIUM,1
770,30,Mindfulness Workshop,43.0,1, INDIVIDUAL ,  Physical  ,ASSIGNED,HARD,1
771,31,Storytelling Session,27.0,12,group,Hybrid,Voluntary,Easy,1
772,31,Drawing Studio Track,62.0,12,group,Blended,-,High,
773,31,Origami Lab,43.0,,pair,  Digital  ,opt in,Easy,0
774,31,Memory Training Track,36.0,8,Group,Physical,Voluntary,Medium,1
775,31,Math Games Club,40.0,12,GROUP,Digital,voluntary, Hard ,0
776,31,Science Experiment Program,not recorded,1,NULL,Offline,Voluntary,hard,1
777,31,Drama Workshop Workshop,44.0,2, 2-person ,Hybrid,voluntary,Hard,0
778,31,Team Sports Track,57.0,2,Pair,Physical,Opt-in,level 3,1
779,31,Animation Studio Track,61.0,11,Group,online,Assigned,Medium,1
780,31,,44.0,1,Individual,Physical,Voluntary,Medium,1
781,31,Board Games Lab,37.0,16,group work,Hybrid,Opt-in, easy ,1
782,31,Cooking Basics Module,38.0,2,Pairs,In-person,Assigned,Medium,1
783,31,Photography Lab,21.0,,IND,HYB,Voluntary,Medium,0
784,31,Math Games Session,32.0,2,Pair,DIG,Assigned,level 2,1
785,31,Puzzle Challenge Session,12.0,2,pair,Physical,Voluntary,  Easy  ,1
786,31,Storytelling Club,53.0,,Pair,mixed, Assigned ,Difficult,1
787,31,Cooking Basics Session,47.0,,Group, physical ,Voluntary,  MEDIUM  ,
788,31,Origami Program,18.0,2,Pairs,hybrid,  Voluntary  ,Medium,
789,31,Music Circle Workshop,,12,Group,Digital, Assigned ,hard,0
790,31,Debate Club Module,19.0,2,Pair,Digital,Opt-in,EASY,0
791,31,Creative Writing Lab,--,10,Group,HYBRID,Mandatory,Low,0
792,31,Debate Club Lab,38.0,9,Group,Digital,VOLUNTARY,Med,0
793,31,Board Games Workshop,,,group work,Digital,voluntary,  High  ,0
794,31,Science Experiment Lab,37.0,2,  Pair  ,Offline,  VOLUNTARY  ,Hard,1
795,31,Board Games Module,28.0,1, IND ,Hybrid,Voluntary,Hard,1
796,31,Coding Basics Club,62.0,2,Pair,Online,VOLUNTARY,Hard,0
797,31,Drawing Studio Track,<1,8,Group,Blended,Voluntary,Easy,0
798,31,Chess Tactics Club,44.0,9,Group,physical,Assigned,Med,0
799,32,Team Sports Lab,52.0,4,Grp,Physical,  VOLUNTARY  ,Hard,1
800,32,Drama Workshop Track,44.0,,group work, physical ,VOLUNTARY,Medium,1
801,32,Puzzle Challenge Track,58.0,1,Indiv,HYBRID,Voluntary,medium,0
802,32,Reading Club Track,55.0,8,  Group  ,  Hybrid  ,Opt-in,level 2,1
803,32,Dance Session Workshop,41.0,2,Pair,In-person,Voluntary,level 1,0
804,32,Drama Workshop Club,33.0,19,Group,Physical,assigned,EASY,1
805,32,Drama Workshop Club,35.0,1, Individual , HYBRID ,VOLUNTARY,Easy,1
806,32,Origami Session,23.0,1,Individual,Hybrid,  Voluntary  ,  Med  ,0
807,32,Memory Training Club,10.0,,Group,Physical,VOL,Easy,1
809,32,Animation Studio Program,36.0,10,Group,DIG,Voluntary,Easy,0
811,32,Lego Build Module,28.0,4,Group,HYB,VOLUNTARY,Medium,0
812,32,Animation Studio Program,20.0,2,  pair  ,Digital,Assigned,MEDIUM,1
813,32,Cooking Basics Lab,65.0,11,Group,Hybrid,  Voluntary  ,Medium,
814,32,Science Experiment Session,37.0,2,Pair,Digital,VOL,easy,0
815,32,Gardening Session,38.0,2, Pairs ,Physical,Assigned, easy ,1
816,33,Lego Build Track,-31.0,,Pair,HYBRID,voluntary,  Hard  ,1
817,33,Photography Module,42.0,2,  Pair  ,Digital, opt in ,Hard,0
818,33,Team Sports Session,68.0,10,Group,PHY,Assigned,Hard,1
819,308,Puzzle Challenge Module,35.0,14,GROUP,Hybrid,Assigned,Difficult,1
820,33,Nature Walk Lab,36.0,1,individual,Offline,ASG,null,
821,33,Drawing Studio Module,27.0,1,Individual,Physical,Mandatory,Low,1
822,34,Science Experiment Track,37.0,2,PAIR,hybrid,VOLUNTARY,Medium,0
823,34,Music Circle Module,38.0,1,  Individual  ,Hybrid,assigned,Hard,1
824,34,Drama Workshop Workshop,46.0,14,group work,In-person,voluntary,Medium,1
825,34,Drawing Studio Session,60.0,9,Group,Physical,opt in,Medium,1
826,34,Photography Program,40.0,5,  Group  ,Digital,Assigned,  hard  ,0
827,34,Debate Club Workshop,56.0,10, GROUP ,HYBRID,Voluntary,level 1,0
828,34,Mindfulness Track,TBD,12,GROUP,hybrid,VOL,High,0
829,34,Animation Studio Program,25.0,2,Pair,physical,unknown,Medium,0
830,34,Drama Workshop Workshop,40.0,6,  Group  ,  Digital  ,Voluntary,Low,1
831,34,Music Circle Program,47.0,1,INDIVIDUAL,Hybrid,VOL,Hard,1
832,34,Puzzle Challenge Lab,30.0,10,GRP,  Hybrid  ,Voluntary,Medium,1
833,34,Team Sports Workshop,31.0,9,group,Physical,VOL,medium,
834,34,Origami Module,50.0,1,individual,physical, opt in , hard ,1
835,230,Lego Build Module,33.0,1,individual ,Hybrid,VOL,level 2,1
836,34,Reading Club Lab,39.0,2,Pair,Hybrid,VOLUNTARY,Medium,0
837,34,Puzzle Challenge Club,53.0,7,Group,Physical,Assigned,?,1
838,34,Mindfulness Workshop,-28.0,,IND,  Online  ,voluntary,Easy,0
839,34,Gardening Workshop,27.0,4,Group,hybrid, Assigned ,EASY,1
840,34,Cooking Basics Track,47.0,2,Pair,Offline,Voluntary,hard,1
841,35,Math Games Workshop,-43.0,6,Group,HYB,Voluntary,  Medium  ,1
842,35,Science Experiment Session,not recorded,11,Group,hybrid,  voluntary  ,level 2,1
843,35,Drama Workshop Club,29.0,1,Individual,Digital, Voluntary ,level 2,0
844,35,Drama Workshop Session,59.0,1,Indiv,Physical,Voluntary,hard,1
845,35,Photography Lab,39.0,10,-,Digital,  Voluntary  ,Easy,0
846,35,Photography Track,46.0,1,Individual,online,Voluntary,Hard,1
847,35,Team Sports Program,53.0,12,Group,Physical,  voluntary  ,High,1
848,35,Chess Tactics Club,52.0,14,group work,Hybrid, voluntary ,Easy,1
849,35,Cooking Basics Module,33.0,1,Individual,Offline,ASSIGNED,MEDIUM,1
850,35,Drama Workshop Lab,66.0,4,Group,Online,Opt-in,Hard,1
851,35,Team Sports Track,--,1,  individual  ,Hybrid,opt in,Difficult,1
852,35,Team Sports Workshop,46.0,1,Individual,In-person,Voluntary,Easy,1
853,35,Storytelling Session,20.0,1,Individual,Online,Voluntary,EASY,0
854,35,Math Games Module,--,14,group,Hybrid,Assigned,Easy,0
855,35,Gardening Program,56.0,9,Group,DIGITAL,assigned,level 1,0
856,35,Memory Training Program,39.0,2,Pair,PHYSICAL,Assigned,Easy,1
857,35,Animation Studio Club,30.0,11, GRP ,  Physical  ,ASSIGNED,Hard,1
858,36,Memory Training Club,47.0,1,Individual,In-person,Assigned,medium,1
859,36,Music Circle Session,-30.0,1,Individual,Digital,VOLUNTARY,  Easy  ,0
860,36,Photography Workshop,40.0,1,Individual,DIG,  Assigned  , MEDIUM ,0
861,36,Cooking Basics Session,42.0,8,unknown,  Physical  , Assigned ,Medium,1
862,36,Animation Studio Workshop,36.0,,GRP,Physical,NULL,medium,1
863,36,Storytelling Club,49.0,1,Individual,Hybrid, VOLUNTARY ,Medium,1
864,36,Gardening Module,42.0,8,Group,Physical,assigned,EASY,1
865,36,Animation Studio Workshop,35.0,2,Pair, Physical ,Voluntary,unknown,1
866,36,Debate Club Lab,51.0,,Pair,DIG,Voluntary,  level 2  ,0
867,36,Storytelling Session,n/a,12,Grp,Hybrid,Voluntary,medium,
868,36,Cooking Basics Lab,47.0,1,Individual,Physical,Assigned,level 2,1
869,36,Mindfulness Workshop,,7,GRP,  Blended  ,Assigned,  Difficult  ,1
870,37,Photography Program,28.0,1,Individual, Online ,  Assigned  ,Easy,0
871,37,,n/a,10,GRP,digital,Voluntary,level 3,0
872,37,Board Games Track,31.0,1,Individual,Hybrid,Unknown,Hard,0
873,37,Chess Tactics Session,39.0,1,individual,Physical,voluntary,Medium,1
874,37,Photography Module,40.0,2,  2-person  ,DIGITAL, ASSIGNED ,easy,0
875,37,Storytelling Track,28.0,2,Pair,  Digital  ,voluntary, Easy ,
876,37,Team Sports Lab,51.0,6,GROUP,mixed,  Assigned  ,  Hard  ,
877,37,Team Sports Club,,5,Group,Online,Voluntary,level 1,0
878,37,Dance Session Lab,62.0,1,Individual,DIGITAL,opt in,Medium,1
879,37,Cooking Basics Club,-50.0,15,Group,PHYSICAL,voluntary,Easy,1
880,37,Memory Training Track,27.0,2,Pair,DIG,Assigned,Medium,1
881,37,Reading Club Module,45.0,1,, HYBRID ,Assigned,Moderate,1
882,37,Puzzle Challenge Lab,48.0,7,Group,In-person,Assigned,MEDIUM,1
883,37,Science Experiment Workshop,,14,  group work  ,Blended,Assigned,Hard,0
884,37,Animation Studio Program,31.0,1, INDIVIDUAL ,In-person,Opt-in,Easy,
885,37,Creative Writing Module,60.0,10,Group, Hybrid ,Mandatory,EASY,
886,37,Lego Build Module,20.0,,group,online,  Assigned  , Medium ,0
887,37,,31.0,2, Pair ,Physical,Assigned, Easy ,1
888,37,Team Sports Lab,-64.0,10,group,  physical  ,Voluntary,hard,
889,37,Chess Tactics Module,60.0,1,Individual,Hybrid,ASSIGNED,Hard,1
890,37,Gardening Session,-55.0,12,Group,HYBRID,Opt-in,Medium,
891,38,Robotics Lab Module,64.0,2,Pair,Digital,Assigned,null,1
892,38,Drama Workshop Lab,42.0,8,Group,-,Assigned,  Medium  ,1
893,38,Animation Studio Module,24.0,2,Pair, Digital ,Assigned, Easy ,1
894,38,Chess Tactics Program,25.0,1,Individual,Digital, opt in ,EASY,0
895,38,Photography Session,39.0,1,Indiv,DIGITAL,voluntary,E,0
896,38,Reading Club Lab,44.0,1,individual ,Physical,VOLUNTARY,MEDIUM,1
897,38,Robotics Lab Club,38.0,8,NA,physical,Opt-in,Unknown,1
898,38,,41.0,1,Individual,Physical,Opt-in,Low,1
899,38,Team Sports Program,-28.0,,individual ,physical,Voluntary,level 1,1
900,38,Board Games Club,46.0,3,group,Hybrid,Mandatory,Easy,0
901,38,Nature Walk Program,38.0,9,Group,physical,VOLUNTARY,Easy,1
902,38,Memory Training Club,52.0,8,GRP,In-person,mandatory,Easy,1
903,38,Lego Build Track,12.0,2,Pair,Hybrid,VOL,Easy,1
904,38,Gardening Lab,70.0,10,GROUP,Physical,  Opt-in  ,hard,1
905,38,Creative Writing Workshop,63.0,6, group work ,N/A,Assigned,  Medium  ,1
906,38,Origami Workshop,32.0,,Grp,Physical,Voluntary,Low,1
907,615,Origami Module,34.0,6,Group,,ASG,E,0
908,810,Music Circle Module,28.0,2,  Pair  ,Hybrid,Voluntary,Easy,1
909,38,Music Circle Session,18.0,2,PAIR,Physical,Voluntary,easy,1
910,38,Team Sports Module,46.0,5,GROUP,In-person,  voluntary  ,Easy,1
911,38,Robotics Lab Club,46.0,9, GROUP ,online,Voluntary,Easy,1
912,38,Reading Club Session,47.0,1,Individual,Physical,Voluntary,Easy,1
913,38,Team Sports Module,42.0,4,group,Physical,voluntary,Moderate,1
914,38,Storytelling Club,>60,8,Group,Digital,voluntary,HARD,0
915,38,Puzzle Challenge Lab,10.0,2,Pairs,  Digital  ,Voluntary,easy,1
916,38,Dance Session Track,-46.0,2,pair,Physical,Mandatory,Medium,1
917,38,Mindfulness Program,63.0,6,Group,HYBRID,Unknown,unknown,1
918,38,Coding Basics Module,42.0,1,  Individual  ,Unknown,Voluntary, Hard ,1
919,38,Memory Training Workshop,40.0,,INDIVIDUAL,Blended,Assigned, E ,0
920,38,Animation Studio Club,-41.0,13,Group, online ,  Voluntary  ,Medium,0
921,38,Chess Tactics Club,46.0,,Pair,Offline,Voluntary,Medium,1
922,38,Cooking Basics Club,32.0,2,Pair,PHYSICAL,Voluntary,NA,1
923,38,Robotics Lab Lab,45.0,4,group,Physical,voluntary,Easy,1
924,38,Music Circle Lab,61.0,,Group,HYB, Voluntary , Medium ,1
925,38,Puzzle Challenge Lab,19.0,1,Individual, Hybrid , Voluntary ,Easy,
926,38,Puzzle Challenge Session,61.0,7,group,In-person,opt in,Medium,1
927,38,Gardening Session,-31.0,8,  GROUP  ,  DIG  ,Voluntary,E,0
928,38,Storytelling Program,,11,Group, HYB ,Voluntary,E,1
929,38,Nature Walk Program,49.0,2,  Pairs  ,HYB,Mandatory, Moderate ,1
930,38,Science Experiment Program,10.0,12, Grp ,Physical,Voluntary,Low,0
932,38,Photography Session,54.0,2,Pair,Digital,voluntary,Medium,0
933,38,Chess Tactics Lab,24.0,,Individual,hybrid,voluntary,Low,0
934,38,,24.0,1,Indiv, PHY ,ASG,Easy,0
935,38,Puzzle Challenge Program,63.0,8,GROUP,physical,voluntary,Easy,1
936,38,Drama Workshop Session,29.0,1, Individual ,mixed,Voluntary,Low,1
937,38,Storytelling Program,42.0,1,  IND  ,hybrid,Voluntary,Medium,0
938,39,Animation Studio Track,48.0,7,group work,Digital,Assigned, Easy ,1
939,39,Debate Club Lab,48.0,2,pair,PHYSICAL,mandatory,Easy,1
940,39,Music Circle Workshop,35.0,1,Individual,HYB,NA,Medium,1
941,39,,38.0,1,Individual,DIGITAL, Voluntary ,Easy,
942,39,Animation Studio Club,82.0,8,group work,Digital,Voluntary,Easy,0
943,594,Memory Training Session,35.0,8,Group,  hybrid  ,Assigned,Easy,1
944,39,Chess Tactics Club,32.0,1,Individual,PHY, ASG ,E,1
946,39,Storytelling Module,57.0,1,  Indiv  ,Physical,VOLUNTARY,Unknown,
947,39,,35.0,2,PR,Hybrid,Assigned,Med,1
948,39,Math Games Club,68.0,10,Group,online,Assigned,  Medium  ,0
949,39,Animation Studio Track,21.0,1,INDIVIDUAL,digital, VOL ,Easy,0
950,39,Debate Club Module,49.0,13,  Group  , Hybrid ,mandatory,E,0
951,39,Lego Build Program,53.0,1,individual ,Hybrid,Voluntary,Moderate,1
952,39,Storytelling Workshop,49.0,15,GROUP,In-person, Voluntary ,Low,1
953,39,Team Sports Track,19.0,2,PR,  Physical  ,Voluntary,level 1,0
954,39,Gardening Lab,TBD,6,Group,Hybrid,Voluntary, level 1 ,
955,39,Storytelling Track,50.0,2,2-person,Digital,Assigned,Medium,0
956,39,Photography Session,29.0,2,pair,Hybrid,ASG,  Easy  ,0
957,39,Photography Program,16.0,1,Individual,Physical,assigned,level 1,1
958,39,Debate Club Track,30.0,,Individual,Hybrid,ASSIGNED,Low,0
959,39,Robotics Lab Track,15.0,1,individual,?,unknown,Easy,0
960,39,Animation Studio Track,52.0,7,Group,Digital,opt in,Hard,
961,39,Drawing Studio Lab,57.0,10,group work,  DIGITAL  , Voluntary ,Easy,0
962,39,Team Sports Session,52.0,10,Group,Physical,  Assigned  ,Easy,1
963,39,Team Sports Track,40.0,16,Group,Physical,Mandatory,HARD,1
964,39,Music Circle Session,32.0,7,  Group  , Digital ,null,Easy,1
965,39,Lego Build Module,41.0,14,group work,Hybrid,VOL,Easy,
966,39,Music Circle Track,44.0,1,Individual,Physical,Voluntary,EASY,1
967,39,Animation Studio Club,10.0,1,Indiv,Digital,assigned,Easy,0
968,39,Science Experiment Session,22.0,2, PR ,mixed,opt in,level 1,1
969,39,,22.0,2, Pairs ,Physical,ASSIGNED,  level 1  ,1
970,39,Team Sports Lab,62.0,7,Group,PHY,Assigned,easy,1
971,39,Coding Basics Session,50.0,7,Grp,Digital,Voluntary,medium,0
972,39,Drama Workshop Lab,38.0,7,Grp,Physical,Assigned,Medium,1
973,39,Nature Walk Lab,53.0,11,Grp,PHYSICAL,VOLUNTARY,Easy,1
974,39,Coding Basics Lab,36.0,, Grp ,Digital,Voluntary,Easy,0
975,39,Lego Build Workshop,62.0,2,Pair,PHY,Assigned,easy,1
976,39,Team Sports Lab,62.0,12,  Group  ,,  Voluntary  ,Easy,1
977,39,Cooking Basics Track,45.0,2,Pair,Hybrid,mandatory,level 2,0
978,427,Storytelling Club,16.0,8,Group,Hybrid,Voluntary,level 1,0
979,39,Mindfulness Club,20.0,1,individual ,Physical,Assigned,EASY,1
980,39,Mindfulness Module,43.0,2,null,Hybrid,Voluntary,EASY,0
981,39,Coding Basics Program,53.0,10,Grp,  Online  ,ASSIGNED,Medium,0
983,39,Lego Build Workshop,30.0,2,Pairs,Online,VOL,E,0
984,39,Music Circle Club,41.0,14,Group,Hybrid, Voluntary ,E,1
985,39,Debate Club Track,50.0,,Group,Offline,N/A,Low,1
986,39,Lego Build Club,,,GROUP,Hybrid,Voluntary,easy,0
987,39,Debate Club Session,16.0,1,individual ,Digital,opt in,EASY,1
988,40,Drawing Studio Session,55.0,1,IND,Physical,opt in,level 2,1
989,138,Board Games Workshop,35.0,9,Group,Offline,opt in,Medium,1
990,40,Drama Workshop Session,52.0,2,  Pair  ,Offline,Voluntary, level 2 ,1
991,40,Puzzle Challenge Program,28.0,2,Pair,Blended, voluntary ,Medium,1
992,40,Storytelling Session,62.0,5, group work , Physical ,Assigned,level 3,1
993,40,Cooking Basics Module,47.0,2,  2-person  ,Digital,mandatory,  Medium  ,0
994,40,Chess Tactics Club,67.0,1,IND,Physical,Voluntary,Hard,1
995,40,Puzzle Challenge Workshop,47.0,2,  Pair  ,Physical,Opt-in, Medium ,1
996,40,Debate Club Session,54.0,6,group,Hybrid,Voluntary,Difficult,1
997,40,Coding Basics Program,50.0,1, INDIVIDUAL ,online,Assigned, EASY ,0
998,40,Robotics Lab Session,54.0,, Group ,Digital,null,  Medium  ,0
999,40,Puzzle Challenge Lab,65.0,2,Pair,Hybrid,VOLUNTARY,High,1
1000,40,Memory Training Module,,1,Individual,DIGITAL,  Voluntary  ,Medium,
1001,40,Animation Studio Club,35.0,7,GROUP,Digital,Voluntary,Easy,0
1002,40,Robotics Lab Track,35.0,2,  PAIR  ,Physical,Voluntary,E,1
1003,40,Memory Training Workshop,51.0,1,individual ,Physical,Assigned,Medium,1
1004,40,Mindfulness Club,53.0,2,Pair,Physical,Voluntary,medium,1
1005,40,Gardening Session,25.0,8,group work,Digital,opt in,level 1,0
1006,326,Coding Basics Club,19.0,1,  Individual  ,Physical,N/A,Medium,1
1007,40,Photography Workshop,-42.0,7,Group,Digital,Voluntary,level 2,0
1008,40,Team Sports Track,46.0,2,Pair,HYB,Voluntary,  Moderate  ,0
1009,40,Dance Session Module,26.0,1,Individual,Offline,VOL, EASY ,
1010,40,Coding Basics Module,22.0,1,Individual,Digital,VOLUNTARY,MEDIUM,0
1011,40,Gardening Module,37.0,2,Pair,In-person,Voluntary,Medium,1
1012,40,Mindfulness Module,45.0,7,Group,Digital,Voluntary,level 2,0
1013,40,Music Circle Lab,50.0,7,Group,  Hybrid  ,Voluntary,Hard,1
1014,41,Drama Workshop Track,39.0,1,  Individual  ,mixed,Voluntary,Easy,0
1015,41,Debate Club Lab,-74.0,1,Indiv,Physical,Voluntary,  hard  ,1
1016,586,Reading Club Program,61.0,1,IND,hybrid,Voluntary,Moderate,0
1017,41,Dance Session Module,43.0,12,  GRP  ,Digital, voluntary ,Medium,0
1018,41,Photography Lab,57.0,7,Group,Physical,voluntary,easy,
1019,41,Board Games Lab,37.0,1,Individual,mixed, Voluntary ,Easy,1
1020,41,Music Circle Program,33.0,1,  Individual  ,hybrid,Voluntary,E,
1021,41,Coding Basics Club,55.0,16,GRP,In-person,Voluntary,Medium,1
1022,41,Gardening Lab,47.0,13,group,Physical,Voluntary,Medium,1
1023,41,Team Sports Lab,30.0,2,2-person,Physical,VOLUNTARY,EASY,1
1024,41,Drawing Studio Club,26.0,1,N/A,Hybrid,VOLUNTARY,?,1
1025,41,Lego Build Lab,42.0,1,individual ,digital,Voluntary,Moderate,
1026,41,Team Sports Workshop,45.0,,Pair, Online ,Mandatory, medium ,0
1027,41,,<1,9,  Grp  ,Blended,mandatory,Easy,0
1028,41,Origami Program,19.0,2,Pair,physical,  opt in  , Hard ,1
1030,41,Reading Club Club,38.0,12,Group,Offline,Voluntary, Easy ,
1031,42,Music Circle Lab,67.0,2,PAIR,Hybrid,Voluntary,hard,0
1032,42,Storytelling Module,20.0,2,PR,physical,assigned,?,1
1033,42,Nature Walk Club,46.0,1,Individual,PHYSICAL,Voluntary,Moderate,1
1034,42,Coding Basics Club,54.0,,IND,DIGITAL,Assigned,level 1,0
1035,42,Memory Training Workshop,19.0,2,PR,Hybrid,Voluntary, Easy ,0
1036,42,Creative Writing Workshop,39.0,10,Group,hybrid,N/A,Medium,1
1037,42,Chess Tactics Track,,2,Pair,Hybrid,Voluntary,Medium,1
1038,42,Robotics Lab Session,49.0,2,Pair,  Physical  ,opt in,level 2,1
1039,42,Science Experiment Lab,52.0,1,Individual,DIG,Voluntary, Hard ,0
1040,42,Mindfulness Club,,1, individual ,Digital,Voluntary,easy,0
1041,42,Science Experiment Lab,28.0,1,Indiv,Offline,VOL,Easy,0
1042,43,Nature Walk Workshop,10.0,1,Individual,PHYSICAL,VOL,Easy,1
1043,525,Animation Studio Program,not recorded,,INDIVIDUAL,Online,VOLUNTARY,HARD,
1044,43,Science Experiment Program,61.0,1,Individual,DIG,  Assigned  ,Hard,0
1045,43,Team Sports Program,29.0,5,group,Physical, Voluntary ,Easy,1
1047,43,Math Games Program,23.0,14,Group,PHYSICAL,Opt-in,EASY,1
1048,43,Robotics Lab Module,-49.0,7,GRP,Digital, opt in ,Medium,0
1049,43,Drama Workshop Workshop,29.0,,  Group  ,online,Voluntary,Easy,0
1050,671,Puzzle Challenge Workshop,51.0,1,Individual,HYBRID,Voluntary,  medium  ,0
1051,43,Debate Club Club,30.0,8,group work,Hybrid,Voluntary,Easy,
1053,43,Lego Build Program,21.0,2,Pair,Hybrid,Voluntary,level 2,0
1054,43,Mindfulness Track,25.0,10,group,PHY,Voluntary,EASY,
1055,43,Science Experiment Track,39.0,12,GROUP,PHYSICAL, Voluntary ,Medium,1
1057,43,Origami Session,,2,  Pair  ,Unknown,assigned,Med,
1058,43,Gardening Program,70.0,11,N/A,Physical,Voluntary,MEDIUM,1
1060,43,Storytelling Workshop,62.0,6,Group,PHYSICAL,voluntary,level 2,1
1061,43,Science Experiment Lab,48.0,7,Group,HYB,VOL,Easy,
1062,43,Reading Club Lab,44.0,2,Pair,Digital,voluntary,MEDIUM,0
1063,43,Math Games Session,53.0,10,Group,Digital,VOL,  Moderate  ,0
1064,43,Team Sports Workshop,50.0,7,Group,Physical,Voluntary,Easy,1
1065,43,Robotics Lab Lab,55.0,1,individual ,Digital,voluntary,Hard,0
1066,43,Lego Build Lab,32.0,7,Group,Physical,VOL,  MEDIUM  ,0
1067,43,,54.0,1,Indiv,  Digital  ,Assigned,easy,0
1068,43,Music Circle Track,43.0,9,Group,Blended,Voluntary, Hard ,0
1069,43,Cooking Basics Track,40.0,1,individual, HYBRID ,Voluntary,level 2,0
1070,43,Coding Basics Module,,1,IND,physical,  Voluntary  ,Hard,1
1071,43,Reading Club Lab,64.0,2,Pair,Physical,ASG,Hard,1
1072,43,Reading Club Workshop,60.0,4,GROUP,physical,  voluntary  ,Hard,1
1074,43,Mindfulness Program,21.0,5,Group,HYBRID,Voluntary,Medium,1
1075,43,Debate Club Club,51.0,8, Grp ,DIG,Voluntary,HARD,0
1076,44,Nature Walk Program,20.0,1,Individual,Physical,Mandatory,Medium,
1077,44,Gardening Club,37.0,12,GROUP,Physical,VOLUNTARY,Easy,1
1078,44,Lego Build Track,60.0,1,individual,Digital,Voluntary,Hard,1
1079,44,Coding Basics Lab,33.0,2,  PAIR  ,Digital,Mandatory,Med,0
1080,44,Reading Club Track,46.0,1,Individual,Digital,voluntary,Medium,0
1081,44,Debate Club Session,57.0,2,Pair,Unknown,null,level 2,
1082,44,Chess Tactics Lab,59.0,8,Group, Hybrid ,mandatory,Medium,1
1083,44,Lego Build Module,38.0,,Indiv,  HYB  , Assigned , Easy ,0
1084,44,Cooking Basics Program,30.0,1,Individual,Digital,Opt-in,Easy,0
1085,44,Mindfulness Program,22.0,9,GRP,mixed,Assigned, Easy ,0
1086,44,Drawing Studio Track,38.0,2,PR,Physical, mandatory ,Medium,1
1087,44,Lego Build Session,58.0,,GROUP,Physical,Mandatory,Medium,1
1088,44,Mindfulness Program,54.0,13,Group,Digital,ASG,Difficult,0
1089,44,Reading Club Track,44.0,1,INDIVIDUAL,digital,Assigned,  easy  ,0
1090,44,Puzzle Challenge Program,37.0,2,PR,Physical,Assigned,  Low  ,
1091,44,Math Games Module,30.0,1,individual ,Online,  Assigned  ,Easy,0
1092,44,Puzzle Challenge Lab,,1,individual,  PHY  ,Assigned,MEDIUM,0
1093,44,Origami Program,39.0,1,Individual,HYB,Unknown,Med,1
1094,44,Cooking Basics Session,97.0,8, GRP ,Physical,ASG,HARD,
1095,44,Dance Session Module,42.0,2,Pair,Digital,VOLUNTARY,Medium,0
1096,44,Gardening Workshop,64.0,10,Group,DIGITAL,Voluntary,Medium,
1098,44,Music Circle Track,48.0,2,Pair,Digital,Assigned,Medium,0
1100,44,Cooking Basics Module,37.0,5,Grp,In-person, Voluntary , Easy ,1
1101,44,Dance Session Club,22.0,1,individual ,physical,Opt-in,easy,
1102,44,Dance Session Program,35.0,2,Pair,Physical,Voluntary,MEDIUM,1
1104,44,Nature Walk Workshop,--,15,  Grp  ,Online,ASG, medium ,0
1105,44,Coding Basics Workshop,50.0,2,2-person, Digital ,Voluntary,High,0
1106,45,Math Games Module,26.0,10,Group,physical,Assigned,Easy,1
1107,45,Math Games Module,35.0,2,pair,DIGITAL,VOL,Medium,0
1108,45,Science Experiment Program,54.0,9,Group,Digital,Voluntary,Low,1
1109,45,Photography Track,54.0,2,  Pair  ,Physical,opt in,MEDIUM,
1110,45,Photography Club,33.0,2,Pair,DIGITAL,Voluntary,E,0
1111,45,Coding Basics Session,35.0,3,Group,Digital,opt in, E ,0
1112,45,Animation Studio Club,53.0,5,group work,Digital,Voluntary,  Medium  ,0
1113,411,Lego Build Session,,,GRP,HYB,Voluntary,Easy,0
1114,45,Team Sports Program,35.0,1,Individual,PHYSICAL,Voluntary,  Medium  ,1
1115,45,Reading Club Session,66.0,,Group,mixed,Voluntary,Med,0
1116,45,Nature Walk Program,31.0,2,Pair,Physical,Voluntary,Easy,1
1117,45,Dance Session Session,82.0,6,Group,Physical,Voluntary,Hard,
1118,45,Board Games Program,46.0,3,  group  ,PHY,  Voluntary  ,Easy,1
1119,45,,48.0,10,  Group  ,mixed,Voluntary,Hard,1
1120,45,Robotics Lab Lab,10.0,1,individual,-,Voluntary,Easy,
1121,45,Photography Module,54.0,2,PAIR, PHY ,Voluntary,medium,1
1122,45,Creative Writing Club,35.0,1,Individual,hybrid,Opt-in,Easy,1
1123,766,Dance Session Workshop,40.0,1,individual,Digital, Voluntary ,Medium,
1125,45,Memory Training Track,40.0,1,individual ,Physical,Voluntary,medium,1
1126,45,Nature Walk Module,69.0,1,Individual,Digital, Voluntary ,  High  ,0
1127,46,Creative Writing Lab,62.0,6,Group,Physical,Voluntary,Hard,1
1128,46,Debate Club Session,47.0,2,Pair,, opt in ,Medium,1
1129,46,Gardening Program,65.0,8,Group,In-person,voluntary,Low,1
1130,46,Cooking Basics Club,33.0,2,Pair,Physical,opt in,level 2,1
1131,46,Origami Session,69.0,1,  Individual  ,-,Voluntary,  Medium  ,0
1132,46,Origami Lab,55.0,15,Group,physical,Voluntary,  Medium  ,1
1133,46,Debate Club Lab,36.0,2,Pair,mixed, VOL ,Hard,
1135,46,Chess Tactics Workshop,57.0,1,Individual,Hybrid,VOLUNTARY,Medium,1
1136,46,Animation Studio Lab,41.0,1,individual,digital,opt in,Easy,0
1137,46,Lego Build Session,38.0,2,PAIR,Physical,Voluntary, Med ,1
1138,46,Board Games Workshop,52.0,2,pair,HYBRID,  VOL  ,level 1,1
1139,46,Puzzle Challenge Session,54.0,1,Individual,mixed,Voluntary,Hard,0
1140,46,Puzzle Challenge Workshop,11.0,2,Unknown,HYBRID,Assigned,EASY,0
1141,46,Reading Club Lab,53.0,2,Pairs,digital,opt in,-,0
1142,46,Animation Studio Program,51.0,7, GRP ,mixed,  VOLUNTARY  ,Medium,1
1143,46,Lego Build Program,66.0,15,Group,Digital,Voluntary,HARD,0
1144,46,Coding Basics Module,66.0,,Group,NA,  Voluntary  ,Medium,
1145,46,Reading Club Session,53.0,2,Pairs,In-person,Mandatory, Medium ,1
1146,46,Memory Training Lab,51.0,2,2-person,Blended,Opt-in,level 2,1
1147,46,Drawing Studio Session,48.0,,Individual,Physical,Voluntary,Medium,
1148,46,Nature Walk Lab,35.0,10,GRP, Offline ,  Opt-in  ,Easy,1
1149,46,Team Sports Lab,37.0,2,PAIR,Hybrid,Voluntary,Easy,0
1150,46,Science Experiment Session,25.0,9,N/A,Physical,Voluntary,Easy,
1151,46,Origami Module,41.0,2,Pair,Physical,N/A,Easy,1
1152,46,Gardening Session,57.0,5,group,Offline,Assigned,level 1,0
1153,46,Drawing Studio Workshop,-26.0,1,  Individual  ,Hybrid,VOLUNTARY,Easy,0
1154,46,Debate Club Module,,9,Grp,PHY,VOLUNTARY,Easy,0
1155,46,Cooking Basics Lab,55.0,9,Group,Physical,voluntary,Medium,0
1156,46,Puzzle Challenge Club,55.0,9,GRP,Digital,Voluntary,  level 2  ,0
1157,46,Coding Basics Club,35.0,1,individual ,hybrid,Voluntary, easy ,1
1158,46,Storytelling Session,39.0,,Pair,mixed,Voluntary, Easy ,0
1159,46,Origami Track,34.0,2,Pair,Blended,Voluntary,  medium  ,
1160,47,,68.0,14,Grp,Physical,Voluntary,hard,
1161,47,Robotics Lab Lab,65.0,8,Grp,Digital, Assigned ,hard,0
1162,47,Cooking Basics Track,24.0,1,Individual,Physical,Voluntary,hard,
1163,47,Origami Club,not recorded,1,individual , Hybrid ,Voluntary,Med,1
1164,47,Gardening Session,19.0,2, Pair ,PHY,Voluntary,MEDIUM,1
1165,47,Debate Club Track,43.0,9,GROUP,Hybrid,Voluntary,Hard,0
1166,47,Dance Session Workshop,70.0,7,Group,Blended,Voluntary,  level 3  ,0
1167,47,Lego Build Session,45.0,6,GRP, Hybrid ,  Assigned  ,level 2,
1168,47,Drama Workshop Module,31.0,1,  Individual  ,Physical,VOLUNTARY,level 2,
1169,47,Debate Club Module,43.0,5,Group,Physical,Voluntary,medium,1
1170,47,Photography Lab,41.0,1, Individual , Digital ,VOL,Hard,0
1171,47,Creative Writing Workshop,50.0,2,Pair,Hybrid,opt in,Hard,1
1172,47,Debate Club Session,40.0,9,group work,mixed,  Voluntary  ,Hard,0
1174,47,Memory Training Lab,32.0,3,Group,Offline,assigned,MEDIUM,1
1175,47,Photography Lab,44.0,2,Pairs,Physical,Assigned,hard,1
1176,47,Dance Session Lab,78.0,8,GRP,DIG,VOL,Hard,0
1177,47,Math Games Lab,42.0,1,Individual, Physical ,Voluntary,  Medium  ,1
1178,47,Dance Session Session,16.0,1,IND,PHY,VOLUNTARY,Easy,1
1179,47,Memory Training Program,47.0,11,Group,Digital,  Voluntary  ,Low,0
1180,831,Board Games Module,41.0,1,  Individual  ,Physical,Mandatory,High,1
1181,48,Mindfulness Track,<1,1,Individual,Unknown,Assigned,Hard,1
1182,48,Gardening Club,-32.0,1,Individual,Blended,Assigned,Easy,1
1183,48,Board Games Workshop,61.0,11,  Group  ,Physical,unknown,easy,1
1184,48,Cooking Basics Club,23.0,11,Group,Digital,Voluntary,Medium,0
1185,48,Storytelling Module,24.0,1,individual ,Physical,Assigned,  HARD  ,1
1186,48,Cooking Basics Club,22.0,2,  Pair  ,PHYSICAL, Voluntary ,  Medium  ,1
1188,48,Science Experiment Workshop,66.0,1,INDIVIDUAL,physical,Voluntary,  Hard  ,1
1189,48,Chess Tactics Club,,2,Pairs,physical,assigned,E,0
1190,48,Drawing Studio Module,59.0,8,GRP,physical,null,level 1,1
1191,48,Coding Basics Workshop,58.0,14,GROUP,Digital,Assigned,  Hard  ,0
1192,48,Math Games Track,70.0,1,Indiv,In-person,ASSIGNED,Medium,1
1193,49,Science Experiment Workshop,71.0,9,Grp,  Physical  ,opt in,level 3,1
1194,49,Science Experiment Workshop,45.0,1,n/a,  Digital  , Assigned , Medium ,0
1195,49,Drawing Studio Workshop,43.0,18,  Group  ,DIGITAL,Opt-in,easy,0
1196,49,Dance Session Track,49.0,11,Group,  online  ,  Opt-in  ,MEDIUM,0
1197,49,Creative Writing Track,61.0,,group work,Blended,Voluntary,Hard,0
1198,335,Chess Tactics Lab,50.0,9,Group,  HYBRID  ,Voluntary,medium,1
1199,49,Animation Studio Program,86.0,10,group,Online,Opt-in,level 2,0
1200,49,Coding Basics Program,58.0,1,Indiv,Physical, Voluntary ,Medium,0
1201,49,Drawing Studio Lab,57.0,6,Group,hybrid,Voluntary,Medium,0
1202,49,Music Circle Club,,1,Individual,digital,VOLUNTARY,easy,0
1203,49,Memory Training Workshop,33.0,1,individual,  HYB  ,opt in,Easy,1
1204,49,Puzzle Challenge Workshop,41.0,12, Group ,Online,voluntary, Medium ,0
1205,49,Math Games Club,43.0,8,Group,DIG,Voluntary,  Hard  ,0
1206,49,Puzzle Challenge Track,72.0,5,Group, Blended ,opt in,hard,1
1207,49,Chess Tactics Club,31.0,,Pair,Digital,VOL,Med,0
1208,50,Drama Workshop Session,58.0,7,GROUP,Hybrid, Voluntary ,Medium,0
1209,50,Origami Lab,54.0,14,Group,PHYSICAL,ASSIGNED,level 2,1
1210,50,Robotics Lab Program,44.0,1,Individual,Digital,assigned,Low,0
1211,50,Animation Studio Program,28.0,2,2-person,DIGITAL,Assigned,Medium,0
1212,50,Gardening Session,40.0,10,Group,Hybrid, Assigned ,EASY,0
1213,50,Memory Training Module,27.0,,IND, Hybrid ,Assigned,Medium,0
1214,50,,34.0,7, group work ,hybrid,mandatory,  Easy  ,0
1215,50,Chess Tactics Session,59.0,1,INDIVIDUAL,PHY,Voluntary,Medium,0
1216,50,Creative Writing Session,45.0,10,GROUP,Hybrid,?,Low,1
1217,50,Drawing Studio Lab,47.0,12,GROUP,Hybrid,mandatory,Medium,1
1218,50,Music Circle Session,-44.0,16,Group,  Offline  ,ASSIGNED,Medium,1
1219,50,Chess Tactics Program,55.0,6,GROUP,Digital,VOLUNTARY,?,
1220,50,Creative Writing Lab,35.0,2,Pair,PHY,Voluntary,Medium,1
1221,51,Storytelling Module,41.0,2,Pair, Digital ,Assigned,Medium,0
1222,51,Origami Lab,35.0,1,Individual,PHYSICAL,VOL,Medium,1
1223,51,Origami Module,24.0,2,Pair,  Hybrid  ,Assigned,easy,0
1224,51,Team Sports Lab,32.0,2,Pair,PHYSICAL,Assigned,Medium,1
1225,51,Animation Studio Program,49.0,2,Pair,physical,ASG,Medium,1
1226,51,Memory Training Lab,21.0,1,Individual,Physical,Mandatory,Easy,1
1227,51,Mindfulness Workshop,34.0,11,group work, PHYSICAL ,mandatory,Medium,1
1228,51,Cooking Basics Lab,31.0,12, GROUP ,Digital,Assigned,Easy,0
1229,51,Robotics Lab Club,61.0,2,  PR  ,Digital,ASG,High,0
1230,51,,73.0,,group work,Hybrid, Voluntary ,Hard,1
1231,51,Coding Basics Workshop,32.0,3,Grp,In-person,ASG,Med,1
1232,51,Music Circle Workshop,,5,  Group  ,PHY,Assigned,MEDIUM,1
1233,51,Nature Walk Module,60.0,8,null,Blended,Voluntary,Medium,1
1234,51,Drama Workshop Lab,72.0,1,individual,Online,Opt-in,  Hard  ,0
1235,51,Math Games Lab,49.0,1, INDIVIDUAL ,DIGITAL,assigned,level 2,0
1236,51,Gardening Track,45.0,8,group work, Hybrid ,opt in,Medium,0
1237,51,Nature Walk Club,56.0,1,IND,DIG,Voluntary,Difficult,0
1239,51,Cooking Basics Lab,69.0,2,Pair,Physical,Assigned,Hard,1
1240,51,Memory Training Track,,2,Pair, Physical ,Voluntary, Easy ,1
1241,51,Music Circle Workshop,36.0,,Grp,Offline,ASG,,1
1242,51,Mindfulness Workshop,27.0,1,Individual,digital,Assigned,  Medium  ,0
1243,51,Science Experiment Lab,35.0,1,Individual,PHYSICAL,Mandatory,Easy,1
1244,51,Photography Lab,-20.0,2,2-person,physical,Assigned,Medium,1
1245,51,Photography Program,44.0,2,2-person,mixed,VOLUNTARY,Medium,0
1246,51,Board Games Lab,,10,Group,Online,VOLUNTARY,Medium,0
1247,51,Debate Club Track,81.0,11,Group,Physical,assigned,null,1
1248,51,Coding Basics Workshop,28.0,1,INDIVIDUAL,online,Assigned,Medium,0
1249,51,Cooking Basics Program,-56.0,3,Group,Physical,ASSIGNED,hard,1
1250,51,Memory Training Track,52.0,8,  Group  ,hybrid,voluntary,  level 3  ,1
1251,51,Board Games Club,42.0,5,group work,Hybrid,Assigned,  Medium  ,0
1252,51,Dance Session Program,80.0,2,Pair,Physical, ASG ,hard,1
1253,51,Debate Club Workshop,38.0,1,Individual,HYB,Assigned,level 2,1
1254,51,Debate Club Lab,26.0,6,GRP,  Physical  ,voluntary,Easy,1
1255,52,Creative Writing Workshop,27.0,2,Pair,mixed,  Assigned  ,  Medium  ,0
1256,52,Gardening Lab,56.0,16,Grp,PHYSICAL,VOLUNTARY,Hard,1
1257,52,,35.0,1,Individual,PHYSICAL,Assigned,Easy,0
1258,52,Reading Club Session,27.0,2,Pair,Digital,Voluntary,Easy,0
1259,52,Memory Training Workshop,38.0,2,Pairs,Physical,ASG,Moderate,1
1260,52,Dance Session Module,32.0,3, GROUP ,PHY,assigned,Med,1
1262,53,Reading Club Lab,,9,Group,Hybrid,,  Difficult  ,1
1263,53,Memory Training Workshop,47.0,3,GRP,In-person, Assigned ,Hard,1
1264,53,Drama Workshop Program,63.0,2, Pair ,In-person,Voluntary,Medium,1
1265,53,Memory Training Club,31.0,2,  Pair  ,  Online  ,Voluntary, Easy ,0
1266,53,Drama Workshop Session,30.0,9, Group , HYB ,Voluntary,level 1,1
1267,53,Reading Club Track,29.0,1,individual ,Digital,Voluntary,Easy,0
1268,53,Drawing Studio Track,59.0,1,IND,physical,Voluntary,Hard,0
1269,53,Memory Training Session,57.0,1,IND,PHY,Voluntary,-,1
1270,53,Origami Lab,33.0,10, GROUP ,HYB,N/A,Low,1
1271,53,Coding Basics Session,>60,9,Group,Digital,Opt-in,Hard,0
1272,53,Coding Basics Track,39.0,13,GROUP,  Digital  ,Voluntary,level 1,0
1273,53,Music Circle Club,47.0,1,Indiv,mixed,VOLUNTARY,Medium,0
1274,53,Team Sports Program,74.0,1,Individual,physical,Voluntary,Moderate,1
1275,53,Mindfulness Club,35.0,1,individual ,HYB,Voluntary,Low,0
1276,53,Music Circle Module,26.0,,Individual,HYB,ASSIGNED,Medium,0
1277,53,Creative Writing Workshop,>60,10,group,mixed,Voluntary,Easy,1
1278,53,Coding Basics Session,41.0,1,individual,  online  ,ASSIGNED,Hard,0
1279,53,Photography Program,58.0,9,Group, Physical ,ASG,  Medium  ,1
1281,53,Debate Club Session,44.0,1,Individual,Blended,  Voluntary  ,Medium,0
1282,53,Photography Track,36.0,,group work,Digital,Voluntary,Easy,0
1283,53,Music Circle Lab,31.0,1,Individual,In-person,Assigned,Easy,1
1284,53,Photography Workshop,>60,2,pair,DIGITAL,Voluntary,Low,0
1285,53,Science Experiment Program,68.0,14,Group,physical,assigned,Medium,1
1286,53,Gardening Club,39.0,15,group work,null,Voluntary,Unknown,
1287,53,,46.0,6,group,Offline,VOLUNTARY,Easy,0
1288,948,Reading Club Module,>60,2,Pair,In-person,Voluntary,Easy,1
1289,53,Memory Training Club,41.0,19,Group,  Physical  ,opt in, Medium ,1
1290,53,Science Experiment Workshop,70.0,10, Group ,PHY,Voluntary,  level 2  ,1
1291,53,Coding Basics Track,31.0,1,Individual,online, VOL ,easy,1
1292,53,Math Games Session,74.0,13,GRP,N/A, Opt-in ,Med,0
1293,53,Storytelling Program,50.0,5,GROUP,Digital,Voluntary,Easy,0
1294,53,Science Experiment Track,22.0,6,GROUP,Digital,Voluntary,Medium,0
1295,53,Debate Club Track,48.0,2,PR, PHY ,VOLUNTARY, High ,1
1296,53,,28.0,10,Group,HYBRID,Voluntary,  Easy  ,0
1297,53,Science Experiment Workshop,51.0,6,Group,Hybrid,VOLUNTARY,,0
1298,53,Animation Studio Club,not recorded,1,individual ,online,Voluntary,Easy,0
1299,53,Drawing Studio Session,50.0,10,group,hybrid,Voluntary,Moderate,0
1300,53,Board Games Workshop,11.0,,Pair,DIG,Voluntary, Easy ,0
1301,53,Reading Club Session,67.0,6,GRP,Physical,Voluntary,Hard,1
1302,53,Coding Basics Module,-47.0,2,Pair,Physical,Mandatory,Medium,1
1303,53,Music Circle Lab,56.0,5,Group,DIG,  mandatory  ,Hard,0
1304,53,Creative Writing Workshop,56.0,7,  Group  ,Physical,assigned,Low,1
1305,53,Dance Session Module,>60,9,  Group  ,Digital,VOL,  Easy  ,0
1307,53,Chess Tactics Track,41.0,2, Pair ,HYB,Voluntary,Medium,0
1308,53,Dance Session Workshop,41.0,1,Individual, PHY ,,Easy,1
1309,53,Memory Training Lab,32.0,1,INDIVIDUAL,Unknown,Opt-in,E,0
1310,53,Science Experiment Session,35.0,,Individual,mixed,voluntary,medium,
1311,53,Puzzle Challenge Module,52.0,1,  IND  ,Physical,Assigned,  Med  ,1
1312,53,Music Circle Track,36.0,12,NA,Hybrid,Mandatory,Med,0
1313,53,Puzzle Challenge Club,48.0,8,Group,Digital,opt in,Med,0
1314,53,Storytelling Module,47.0,4,Group,  Physical  ,Opt-in,Easy,1
1315,53,Coding Basics Lab,44.0,1,IND,Physical,Opt-in,Medium,1
1316,53,Origami Program,38.0,1,Indiv,physical,Voluntary,Easy,1
1317,53,Lego Build Workshop,28.0,2,Pair,Unknown,Voluntary,NULL,1
1318,53,,69.0,9,Group,physical,Voluntary,HARD,1
1319,53,Robotics Lab Program,55.0,10,Group,Digital,opt in,Medium,0
1320,53,Dance Session Session,29.0,2,pair,Physical,opt in,Easy,1
1321,53,Puzzle Challenge Track,52.0,1,  IND  ,PHY,Voluntary,MEDIUM,1
1322,53,Gardening Workshop,19.0,1,Individual,Offline, Opt-in ,Medium,
1323,53,Chess Tactics Workshop,55.0,1,IND,mixed,Mandatory,medium,1
1324,53,Drama Workshop Session,,8,Group,Hybrid, VOLUNTARY ,Hard,0
1325,53,Lego Build Module,35.0,2,2-person, In-person ,Voluntary,Low,1
1326,53,Creative Writing Workshop,40.0,9,GROUP, Physical ,Voluntary,Medium,0
1327,53,Cooking Basics Program,-48.0,1,Individual,Hybrid,VOL,Easy,0
1328,53,Nature Walk Club,not recorded,1,Individual,Physical,Voluntary,Medium,0
1330,53,Mindfulness Track,10.0,1,INDIVIDUAL,Digital,Assigned,EASY,0
1331,53,Chess Tactics Module,77.0,1,INDIVIDUAL,Physical,VOL,hard,
1332,53,Math Games Lab,44.0,13,GRP,PHY,mandatory,Medium,1
1333,53,Lego Build Track,43.0,1,Individual,Hybrid,ASSIGNED,E,1
1334,53,Puzzle Challenge Club,21.0,10,Group,Physical,assigned,EASY,1
1335,53,Storytelling Club,28.0,2,Pair,Physical,  Opt-in  ,EASY,1
1336,53,Drama Workshop Track,48.0,7,Group,Hybrid,Voluntary,Medium,1
1337,53,Mindfulness Club,,1,Individual,Blended,opt in,EASY,1
1338,53,Drawing Studio Module,54.0,2,pair,Digital,Voluntary,Medium,1
1339,54,Reading Club Session,37.0,6,Group,Hybrid,VOL,medium,0
1340,54,Drawing Studio Program,61.0,1,Indiv,Digital,Assigned,  Hard  ,1
1341,54,Music Circle Session,49.0,6,group work,Hybrid,Voluntary,  Medium  ,1
1342,54,Music Circle Workshop,72.0,1,N/A,Hybrid,Assigned,n/a,
1343,54,Coding Basics Club,42.0,,  Group  ,DIGITAL,VOL,Difficult,0
1344,54,Coding Basics Track,33.0,1,IND,Digital,opt in,EASY,0
1345,54,Memory Training Track,37.0,,Individual,Offline,Voluntary,High,1
1346,54,Robotics Lab Program,48.0,11,Group,Physical,Mandatory,hard,1
1347,54,Origami Session,18.0,1,Individual,Offline,Voluntary,medium,1
1348,54,Photography Lab,54.0,8,Group,Offline,Voluntary,Hard,1
1349,54,Chess Tactics Club,57.0,1,Individual, mixed ,  Voluntary  ,hard,0
1350,54,Science Experiment Program,,2,pair,Physical,Voluntary, Medium ,1
1351,54,Creative Writing Track,36.0,1,individual ,mixed,VOLUNTARY,n/a,0
1352,54,Animation Studio Track,53.0,1,  Individual  ,?,  Voluntary  ,High,0
1353,54,Cooking Basics Workshop,32.0,2,Pairs,PHY,  VOL  ,Medium,1
1354,54,Music Circle Workshop,26.0,1,individual ,Physical,?,hard,1
1355,54,Memory Training Session,28.0,1,individual,Offline,VOLUNTARY,Medium,1
1356,54,Storytelling Lab,42.0,2,PR,Physical,Voluntary,medium,1
1357,54,Music Circle Workshop,40.0,1,individual,Hybrid, Voluntary , level 2 ,1
1358,54,Nature Walk Module,26.0,,GRP, digital ,opt in,Medium,
1359,325,Team Sports Club,50.0,9,group,Physical,Voluntary,Hard,1
1360,54,Puzzle Challenge Track,36.0,10,GROUP,Hybrid,assigned,Medium,0
1362,54,Photography Program,57.0,7,group work,Hybrid,Assigned,Hard,0
1363,54,Science Experiment Track,40.0,7,Grp,Hybrid,Voluntary,Medium,
1364,54,Team Sports Module,28.0,2,Pairs, Physical ,Voluntary,E,1
1365,54,Robotics Lab Track,n/a,,PAIR,DIG,Voluntary,Med,0
1366,54,Music Circle Track,24.0,1,Individual,PHYSICAL, Voluntary ,Med,
1367,54,Animation Studio Track,,1,Individual,  Digital  ,Opt-in,Difficult,0
1368,54,Robotics Lab Program,>60,11,group work,digital,VOLUNTARY,Medium,0
1369,54,Coding Basics Club,not recorded,12,Grp,Online,-,hard,
1370,54,Drama Workshop Workshop,49.0,1,Individual,online,Voluntary,Hard,0
1371,54,Music Circle Module,41.0,10,Group,DIG,Voluntary,Med,0
1372,54,Team Sports Lab,TBD,5,Group,In-person,  Assigned  ,Hard,1
1373,54,Drawing Studio Lab,64.0,1,Individual,Physical,Opt-in,Hard,1
1374,55,Debate Club Session,41.0,7,Group,Hybrid,Voluntary,Easy,0
1375,55,Team Sports Program,68.0,8,Group,HYBRID,VOLUNTARY,Hard,0
1376,55,Team Sports Session,38.0,1,Individual,Physical,Voluntary,Moderate,1
1377,55,,35.0,13, group work ,PHY,  opt in  ,Easy,1
1378,938,Gardening Program,42.0,1,NA,online, Voluntary ,level 3,0
1379,55,Science Experiment Program,74.0,8,group,Online, Voluntary ,HARD,0
1380,55,Drama Workshop Workshop,49.0,8,group work,HYB,mandatory,medium,1
1381,55,Lego Build Module,41.0,1,Individual, Physical ,Assigned,Medium,1
1382,55,Music Circle Club,36.0,12,GRP,  Digital  ,Voluntary,Medium,1
1383,55,,<1,1,Individual,Offline,VOL,Medium,1
1384,55,Creative Writing Workshop,38.0,1,Individual,Hybrid,Voluntary,medium,0
1385,55,Debate Club Club,68.0,2,2-person,Blended,Voluntary,Hard,1
1386,55,Storytelling Lab,,1,Individual,Hybrid,  Assigned  ,Moderate,1
1387,55,Origami Workshop,52.0,1,Individual,Hybrid,opt in,HARD,
1388,55,Music Circle Club,31.0,2,2-person, Digital ,Voluntary,Med,0
1389,55,Nature Walk Lab,71.0,,Group,Physical,Assigned,Medium,1
1390,55,Reading Club Workshop,39.0,9,Group,Hybrid,Mandatory,Hard,0
1391,55,Music Circle Track,-33.0,,Indiv,HYBRID,VOLUNTARY,level 2,0
1392,55,Cooking Basics Lab,29.0,2,  Pair  ,  Physical  ,voluntary,level 1,1
1393,55,Music Circle Track,60.0,,Group,Physical,Voluntary, Hard ,1
1394,55,Mindfulness Workshop,60.0,14,  group  ,Hybrid,mandatory,Med,0
1395,55,Drawing Studio Session,42.0,6,Group,Digital,Voluntary,Medium,1
1396,55,Animation Studio Session,-50.0,2, PR , Digital ,ASSIGNED,Medium,0
1397,55,Coding Basics Club,,1,IND,Digital,Voluntary,Hard,0
1398,55,Board Games Track,35.0,10, GRP ,Blended,Voluntary,Medium,1
1399,55,Gardening Session,43.0,2,  PR  , Offline ,Assigned,Difficult,1
1400,55,Creative Writing Lab,50.0,,Grp,Digital,  Opt-in  ,Low,0
1401,55,Puzzle Challenge Track,28.0,7,Group,Hybrid,Voluntary,EASY,1
1402,56,Lego Build Program,53.0,2,  Pair  ,Hybrid,Opt-in,HARD,1
1403,56,Math Games Track,39.0,2,2-person,  Offline  ,opt in,E,1
1404,56,Board Games Program,28.0,1,Individual,Blended,Voluntary,Easy,
1405,56,Gardening Lab,42.0,,Individual,hybrid,Voluntary,Medium,1
1406,56,Origami Program,40.0,2,Pair,HYBRID, Voluntary ,E,1
1407,56,,23.0,12,Group,online,VOLUNTARY,Easy,1
1408,56,Drama Workshop Lab,,1,Individual,Blended,Voluntary,Easy,1
1409,56,Puzzle Challenge Track,37.0,1,Individual,digital,Voluntary,easy,0
1410,56,Board Games Track,23.0,1,individual ,physical,Opt-in,Easy,0
1411,56,Dance Session Session,28.0,1,Individual,digital,Opt-in,  Easy  ,0
1412,56,Math Games Session,43.0,2,Pair,Offline,Assigned,level 1,1
1413,56,Storytelling Module,56.0,5,GROUP,  In-person  ,Voluntary,Medium,1
1414,56,Lego Build Club,55.0,8,group work,Digital,Voluntary,Easy,0
1415,56,Team Sports Program,38.0,12,-,Physical,Voluntary,Easy,1
1416,56,Gardening Session,46.0,11,group,physical,Voluntary,Easy,1
1417,56,Reading Club Workshop,35.0,1,Indiv,Hybrid,Assigned,easy,0
1418,56,Chess Tactics Session,55.0,2,Pair,  Offline  ,n/a,Hard,1
1419,56,Dance Session Lab,39.0,10,Group,Hybrid,Opt-in, Easy ,0
1420,56,Gardening Module,39.0,1,Individual,Physical,Voluntary,null,1
1421,56,Storytelling Session,37.0,,PAIR,Online,Assigned,  Medium  ,0
1422,56,Cooking Basics Session,52.0,9,Group, mixed ,Assigned,Easy,1
1423,56,Team Sports Module,,7,Group,Physical,Voluntary, Easy ,1
1424,56,Origami Club,28.0,10,GRP,In-person,voluntary,EASY,
1425,56,Math Games Workshop,40.0,, Individual ,Physical,opt in,Medium,1
1426,57,Science Experiment Club,60.0,2,pair,Digital,  VOL  ,High,0
1427,57,Origami Track,46.0,,Group,Digital,VOLUNTARY,Medium,0
1428,57,Puzzle Challenge Program,24.0,,IND,Hybrid, Opt-in , Easy ,1
1429,57,Photography Session,35.0,1,Individual,Digital,Voluntary,Medium,0
1430,57,Robotics Lab Lab,32.0,,Group,PHYSICAL,Voluntary, Medium ,1
1431,57,Creative Writing Module,47.0,9,Group,Hybrid,Voluntary, Medium ,0
1432,57,Drawing Studio Session,33.0,1,individual ,PHY,Assigned,Easy,1
1433,57,Puzzle Challenge Workshop,39.0,1,Individual,Digital,VOL,Med,0
1434,57,Team Sports Program,24.0,, group work ,Digital,opt in,  Easy  ,0
1435,57,Debate Club Program,55.0,5,Group, Hybrid ,Assigned,Med,
1436,57,Team Sports Module,30.0,2,PAIR,physical,  Voluntary  , level 2 ,1
1437,57,Memory Training Session,,,  Grp  , DIGITAL ,VOL,Medium,1
1438,57,Debate Club Module,40.0,1,individual ,n/a,Voluntary,Medium,1
1439,57,Drama Workshop Program,-34.0,2,Pairs,PHYSICAL,Voluntary,Medium,1
1440,57,Robotics Lab Track,24.0,1,Individual,Physical,VOL,level 1,1
1441,57,Math Games Workshop,n/a,12,Group,DIGITAL,Voluntary,Easy,0
1442,57,Team Sports Club,15.0,6, group ,Physical,Voluntary, Easy ,1
1443,57,Board Games Session,12.0,1,Indiv,Hybrid,Voluntary,E,1
1444,57,Mindfulness Workshop,61.0,,GROUP,  online  ,Voluntary,Medium,1
1445,57,Chess Tactics Module,,,Group,Digital, Assigned ,  MEDIUM  ,0
1446,57,Team Sports Program,52.0,3,group,DIGITAL,ASSIGNED,Medium,0
1447,57,Math Games Club,38.0,2,Pair,DIGITAL,Voluntary,E,0
1448,57,Math Games Track,33.0,9,Group,PHYSICAL,Voluntary, Easy ,1
1449,395,Animation Studio Session,38.0,,group work,Digital,Voluntary,Medium,0
1450,57,Origami Lab,32.0,1,Individual,PHYSICAL,Voluntary,Easy,1
1451,58,Dance Session Club,33.0,1,INDIVIDUAL,Physical,Assigned, level 3 ,1
1452,58,Reading Club Module,46.0,14,group work, Physical ,Assigned,Low,1
1453,58,Creative Writing Track,40.0,,2-person,Physical,Assigned,E,1
1454,58,Nature Walk Module,28.0,11,group,Physical,Assigned,Medium,1
1455,58,Cooking Basics Club,45.0,4,GRP,Unknown,Voluntary,Hard,1
1456,58,Mindfulness Track,57.0,8,Group,,mandatory,Hard,1
1457,58,Origami Workshop,23.0,13,GRP,Hybrid,ASG,Easy,1
1458,58,,-14.0,1,Individual,Physical,Voluntary,level 1,1
1459,58,Memory Training Session,-24.0,1,N/A,Physical,Assigned,E,1
1460,58,Nature Walk Club,>60,6, Group ,Hybrid,Assigned,Medium,0
1461,59,Board Games Workshop,17.0,5,Group,DIG,Voluntary,Easy,0
1462,267,Origami Module,27.0,2,PR,Physical,,Low,1
1463,59,Reading Club Session,42.0,2, Pair ,Hybrid,ASG,MEDIUM,
1464,59,Memory Training Program,32.0,11,group work, Hybrid ,voluntary,Unknown,0
1465,59,Lego Build Track,TBD,1,Individual,Physical,  Assigned  ,Easy,1
1466,59,Drawing Studio Workshop,23.0,1,Individual,Digital,Assigned,level 1,0
1467,59,Drawing Studio Session,42.0,10,group work,Physical,Voluntary, Easy ,
1468,59,Origami Program,62.0,,Grp,Physical,ASSIGNED,MEDIUM,1
1469,59,Music Circle Program,40.0,10,Group,Physical,Assigned,  Medium  ,1
1470,59,Music Circle Module,64.0,,Group,Digital,Voluntary,hard,0
1471,59,Memory Training Club,not recorded,2, pair ,Physical,Assigned,Low,0
1472,59,Coding Basics Lab,,1,Individual,Digital,Voluntary,Moderate,0
1473,331,Math Games Module,51.0,6, Group ,  DIGITAL  ,ASG,  Med  ,0
1474,59,Memory Training Module,38.0,12,Group,In-person,  Voluntary  ,  Easy  ,
1475,59,Puzzle Challenge Lab,79.0,10,Unknown,mixed,assigned,Hard,0
1476,59,Origami Workshop,61.0,13,Group,unknown, mandatory ,medium,0
1477,60,Drama Workshop Lab,TBD,2,Pair,Hybrid,  ASG  ,,0
1478,60,Team Sports Track,54.0,9,  Group  ,Physical,Mandatory,Medium,1
1479,60,Drama Workshop Track,,2,  2-person  ,Digital,Assigned,Hard,0
1480,60,Coding Basics Program,29.0,5,group work,Physical,ASG,Medium,1
1481,60,Puzzle Challenge Program,,10,Group,NULL,ASSIGNED,Easy,1
1482,60,Cooking Basics Module,29.0,2,2-person,PHY,VOL,Easy,0
1483,60,Lego Build Club,42.0,1,Indiv,mixed,Assigned, medium ,1
1484,60,Puzzle Challenge Program,26.0,1,individual,Blended,Assigned,Med,0
1485,60,,53.0,8,Group,physical,VOLUNTARY, medium ,1
1486,60,Nature Walk Lab,35.0,2,PAIR,PHYSICAL,VOL,level 2,1
1487,60,Reading Club Module,34.0,2,Pair,mixed,opt in,Medium,0
1488,60,Gardening Session,50.0,1,Individual, Hybrid ,Assigned,Moderate,0
1489,60,Memory Training Track,52.0,9,GROUP,Hybrid,assigned,Moderate,
1490,60,Origami Program,60.0,11,Group,Digital,  Mandatory  ,Med,0
1491,60,Mindfulness Club,-46.0,7,GROUP,Digital,  Assigned  ,level 2,0
1492,60,Puzzle Challenge Module,26.0,1,Individual,Hybrid,Voluntary,EASY,0
1493,60,Reading Club Module,36.0,,individual ,Hybrid,Assigned,HARD,1
1494,60,Memory Training Module,44.0,7,Group,Digital,Assigned, Low ,0
1495,60,Math Games Club,42.0,1, IND , digital ,Assigned,medium,1
1496,60,Origami Club,35.0,1,Individual,  Hybrid  ,Mandatory,Medium,
1497,60,Drama Workshop Club,40.0,8,Group,Digital,Assigned,Medium,
1498,60,Math Games Track,42.0,7,Group,Digital,Assigned, Easy ,0
1499,60,Dance Session Club,43.0,1,  individual   ,Hybrid,  Assigned  ,Hard,1
1500,60,Lego Build Track,39.0,8,Group,Hybrid,unknown,NA,1
